timestamp,ECG_CH1
1763969102.477908,0
1763969102.477908,-381421
1763969102.481498,-375526
1763969102.481498,-375051
1763969102.5058997,-375410
1763969102.5088923,-375588
1763969102.5099025,-374239
1763969102.5205877,-375572
1763969102.522112,-375378
1763969102.5343628,-376189
1763969102.535949,-377758
1763969102.5514467,-377807
1763969102.5524895,-380321
1763969102.5600343,-380602
1763969102.5746882,-381722
1763969102.5767014,-383579
1763969102.5934737,-382697
1763969102.5955062,-383649
1763969102.604693,-383120
1763969102.6067035,-383455
1763969102.6147587,-383762
1763969102.6358018,-382929
1763969102.6400511,-382741
1763969102.6475978,-383345
1763969102.6491075,-381646
1763969102.6641388,-382764
1763969102.6641388,-381874
1763969102.6786146,-382121
1763969102.6796155,-383096
1763969102.6847577,-381436
1763969102.7046356,-382890
1763969102.709788,-382715
1763969102.7155335,-382985
1763969102.7155335,-383899
1763969102.7305825,-382501
1763969102.7329218,-383820
1763969102.7534258,-383069
1763969102.7563672,-383128
1763969102.7573788,-383716
1763969102.7815597,-382499
1763969102.782577,-384012
1763969102.7855656,-384359
1763969102.7855656,-382907
1763969102.8229659,-384055
1763969102.8244863,-383533
1763969102.8365927,-383255
1763969102.8365927,-382610
1763969102.8365927,-381306
1763969102.8433125,-380882
1763969102.8463407,-378569
1763969102.854582,-379605
1763969102.854582,-381372
1763969102.8815303,-381370
1763969102.8815303,-383487
1763969102.896271,-383809
1763969102.8982275,-384311
1763969102.8992307,-385399
1763969102.9121025,-383777
1763969102.9195142,-385430
1763969102.9249265,-385129
1763969102.9264195,-385269
1763969102.931883,-387757
1763969102.952433,-386390
1763969102.961306,-378619
1763969102.9663646,-366406
1763969102.9671147,-346146
1763969102.9786646,-338899
1763969102.9813166,-349959
1763969102.9914877,-382356
1763969103.0020707,-390031
1763969103.00796,-386271
1763969103.0216668,-386149
1763969103.0216668,-383836
1763969103.035577,-383489
1763969103.0375903,-384229
1763969103.0500553,-382426
1763969103.051562,-383582
1763969103.0613606,-382851
1763969103.0775423,-382840
1763969103.0789325,-383051
1763969103.1029673,-381216
1763969103.1091335,-382019
1763969103.1101618,-381017
1763969103.1116881,-380093
1763969103.1319158,-380919
1763969103.1360643,-380207
1763969103.1371014,-379794
1763969103.1623292,-379427
1763969103.1639853,-377456
1763969103.1652145,-378426
1763969103.1672072,-377154
1763969103.1915245,-376994
1763969103.1931005,-377176
1763969103.2604759,-375372
1763969103.2619617,-376879
1763969103.2619617,-376629
1763969103.2619617,-376286
1763969103.2674751,-376817
1763969103.268468,-376493
1763969103.2694654,-378593
1763969103.2713923,-379709
1763969103.2713923,-381013
1763969103.2713923,-382759
1763969103.2858303,-381866
1763969103.2878442,-383110
1763969103.2878442,-383984
1763969103.2878442,-383104
1763969103.3148513,-383827
1763969103.3158674,-383125
1763969103.3158674,-382517
1763969103.3427694,-383191
1763969103.344962,-382019
1763969103.3458176,-383071
1763969103.3469625,-382496
1763969103.351427,-382799
1763969103.351427,-382994
1763969103.3796315,-381337
1763969103.3816342,-382983
1763969103.3831542,-382634
1763969103.4026132,-383014
1763969103.403975,-383486
1763969103.4149039,-382381
1763969103.415922,-383574
1763969103.4217196,-383414
1763969103.4259884,-382954
1763969103.4344106,-384555
1763969103.4527597,-383744
1763969103.4527597,-383696
1763969103.468779,-384649
1763969103.4703937,-383102
1763969103.4854136,-384431
1763969103.4901052,-383889
1763969103.4917564,-384003
1763969103.5112906,-384664
1763969103.521532,-383690
1763969103.5447338,-385409
1763969103.5447338,-383734
1763969103.5447338,-383178
1763969103.5447338,-383240
1763969103.5746615,-379187
1763969103.5765321,-379544
1763969103.5803251,-379067
1763969103.5811899,-380165
1763969103.5822952,-383358
1763969103.5906847,-383204
1763969103.5926547,-384472
1763969103.6045642,-385237
1763969103.6072085,-384819
1763969103.612705,-385864
1763969103.6315107,-385606
1763969103.6315107,-385325
1763969103.6463344,-385937
1763969103.6478412,-386346
1763969103.660012,-386732
1763969103.6619682,-377381
1763969103.684822,-364004
1763969103.6890485,-345405
1763969103.690073,-339111
1763969103.7000732,-355255
1763969103.7015905,-385927
1763969103.7147748,-389861
1763969103.7158022,-387314
1763969103.7359638,-384117
1763969103.7413113,-384153
1763969103.742338,-383504
1763969103.761402,-383441
1763969103.761402,-383702
1763969103.7845984,-382522
1763969103.7925103,-382766
1763969103.793524,-382757
1763969103.7955785,-381207
1763969103.8015823,-381862
1763969103.8015823,-380798
1763969103.8094478,-380629
1763969103.8314655,-380837
1763969103.8314655,-379044
1763969103.8314655,-379784
1763969103.8314655,-378822
1763969103.8537257,-378139
1763969103.8537257,-378048
1763969103.898327,-375651
1763969103.8995264,-376575
1763969103.900707,-375639
1763969103.921942,-375599
1763969103.9266803,-375837
1763969103.9424186,-374011
1763969103.943944,-376096
1763969103.9459417,-376196
1763969103.947105,-375377
1763969103.9480917,-377281
1763969103.9508748,-377760
1763969103.9514964,-379094
1763969103.9617736,-380397
1763969103.9617736,-380189
1763969103.9803905,-382447
1763969103.9813926,-382369
1763969103.993439,-382153
1763969104.0018973,-382925
1763969104.0018973,-381891
1763969104.021414,-382919
1763969104.025539,-382571
1763969104.044952,-382419
1763969104.044952,-382722
1763969104.0515037,-381205
1763969104.0536277,-382491
1763969104.0629737,-381574
1763969104.0780022,-381689
1763969104.0799897,-382230
1763969104.1028423,-381560
1763969104.1065946,-381793
1763969104.1076038,-382184
1763969104.1086125,-381352
1763969104.12825,-382638
1763969104.1315236,-382153
1763969104.1315236,-382722
1763969104.1588142,-383372
1763969104.1598349,-381956
1763969104.1613545,-383236
1763969104.163265,-382384
1763969104.183135,-382357
1763969104.184646,-381657
1763969104.186207,-379192
1763969104.2013378,-378985
1763969104.2019842,-377284
1763969104.2432017,-376981
1763969104.2447133,-379216
1763969104.2447133,-380943
1763969104.2447133,-383693
1763969104.277439,-383374
1763969104.3015468,-382871
1763969104.3041508,-384757
1763969104.3101642,-384246
1763969104.311404,-384263
1763969104.3158195,-385022
1763969104.3167565,-383438
1763969104.3167565,-385563
1763969104.3167565,-385731
1763969104.3216338,-377951
1763969104.3261526,-366172
1763969104.3271463,-345907
1763969104.3318772,-337431
1763969104.3415358,-348752
1763969104.3610914,-382553
1763969104.3633046,-389641
1763969104.397962,-385019
1763969104.3999677,-384206
1763969104.3999677,-382290
1763969104.4016445,-382617
1763969104.4055564,-382376
1763969104.4094703,-380876
1763969104.4127085,-381636
1763969104.4330897,-381571
1763969104.435378,-380287
1763969104.4371645,-381207
1763969104.4500184,-380150
1763969104.4515753,-379914
1763969104.466322,-380016
1763969104.4669483,-378010
1763969104.4843874,-378846
1763969104.4909396,-378071
1763969104.4924703,-377413
1763969104.5033164,-377249
1763969104.5084562,-375302
1763969104.511849,-375946
1763969104.5221133,-374757
1763969104.5338266,-374612
1763969104.5338266,-374528
1763969104.551666,-373070
1763969104.553489,-374098
1763969104.5668879,-373636
1763969104.575111,-373788
1763969104.576134,-374230
1763969104.600058,-374580
1763969104.6015825,-376721
1763969104.6015825,-378372
1763969104.60737,-378100
1763969104.632886,-380350
1763969104.6814995,-380159
1763969104.6814995,-380939
1763969104.6814995,-381999
1763969104.6814995,-380644
1763969104.6950848,-381584
1763969104.6966789,-381039
1763969104.697693,-381044
1763969104.6986787,-381245
1763969104.699472,-379749
1763969104.7014804,-380899
1763969104.7014804,-379957
1763969104.714369,-380356
1763969104.717243,-380792
1763969104.7816308,-379672
1763969104.7836757,-380812
1763969104.785691,-381296
1763969104.7877061,-379881
1763969104.7897224,-381221
1763969104.7915118,-380616
1763969104.7925239,-380926
1763969104.7935264,-381812
1763969104.7955306,-380841
1763969104.81015,-380598
1763969104.811661,-378765
1763969104.8126774,-377996
1763969104.8284912,-377157
1763969104.8299692,-374420
1763969104.8415227,-376980
1763969104.8437643,-379633
1763969104.8518128,-381508
1763969104.8569338,-382930
1763969104.8797293,-382079
1763969104.8797293,-383527
1763969104.8812478,-382910
1763969104.894934,-383215
1763969104.8961055,-383677
1763969104.918005,-383024
1763969104.919782,-383562
1763969104.9275403,-386079
1763969104.9285488,-382051
1763969104.9347742,-373890
1763969104.9530113,-357425
1763969104.9545352,-339052
1763969104.9768102,-341051
1763969104.9768102,-364574
1763969104.9814055,-388164
1763969104.9827147,-386881
1763969105.0013945,-384222
1763969105.031451,-382417
1763969105.031451,-380458
1763969105.0515666,-381469
1763969105.0576205,-380884
1763969105.0586421,-380784
1763969105.0606382,-380614
1763969105.084637,-379375
1763969105.0860868,-379961
1763969105.0880954,-379831
1763969105.0902102,-377867
1763969105.0946496,-378786
1763969105.0961926,-377416
1763969105.0973382,-377137
1763969105.1114285,-377189
1763969105.1197586,-375316
1763969105.1212757,-375569
1763969105.130054,-374729
1763969105.1314209,-374171
1763969105.1543972,-374224
1763969105.1590002,-372092
1763969105.1600022,-372801
1763969105.1619706,-371992
1763969105.1746347,-371794
1763969105.1766467,-372569
1763969105.1815846,-371243
1763969105.2014947,-372689
1763969105.2034485,-372738
1763969105.2156253,-373838
1763969105.2177327,-375525
1763969105.2359364,-375559
1763969105.24167,-377145
1763969105.2426894,-378981
1763969105.2518015,-378005
1763969105.25749,-379692
1763969105.2756135,-379011
1763969105.2776375,-378694
1763969105.2841156,-379864
1763969105.2869313,-378287
1763969105.299641,-379334
1763969105.3024306,-378714
1763969105.3100274,-378519
1763969105.3597298,-378524
1763969105.3617456,-377217
1763969105.3617456,-378616
1763969105.3617456,-378511
1763969105.3835723,-379042
1763969105.389015,-379580
1763969105.3900216,-378095
1763969105.4116194,-379597
1763969105.4116194,-379540
1763969105.425469,-378966
1763969105.426474,-379964
1763969105.4279356,-379553
1763969105.4290712,-379355
1763969105.4317975,-379233
1763969105.4328086,-376661
1763969105.4328086,-376788
1763969105.4515288,-374547
1763969105.4550474,-373525
1763969105.466598,-374846
1763969105.4682162,-376349
1763969105.4794805,-379463
1763969105.4814918,-379819
1763969105.4937663,-380187
1763969105.5091612,-381027
1763969105.5101495,-379387
1763969105.5168796,-380804
1763969105.5222986,-380679
1763969105.5439756,-380645
1763969105.5448887,-381614
1763969105.5625536,-382062
1763969105.5635648,-382077
1763969105.5655642,-373966
1763969105.5827212,-359508
1763969105.5900507,-341002
1763969105.5915606,-334709
1763969105.5925741,-350132
1763969105.6131,-381415
1763969105.6146185,-384554
1763969105.6168551,-382890
1763969105.6314874,-380086
1763969105.6329122,-379031
1763969105.681473,-379536
1763969105.681473,-378101
1763969105.681473,-378609
1763969105.681473,-378121
1763969105.6887276,-378277
1763969105.6907349,-378321
1763969105.6932528,-376407
1763969105.7114599,-377669
1763969105.719807,-376493
1763969105.7213254,-376096
1763969105.7223437,-376131
1763969105.7467947,-375540
1763969105.7485397,-375352
1763969105.7497017,-375327
1763969105.775231,-373150
1763969105.777036,-374121
1763969105.782033,-373067
1763969105.7837336,-372836
1763969105.7856584,-373081
1763969105.7874794,-371451
1763969105.8023372,-372618
1763969105.8034794,-371974
1763969105.8113015,-372252
1763969105.826133,-372874
1763969105.8274703,-372284
1763969105.8339224,-375185
1763969105.8406975,-375432
1763969105.866995,-377409
1763969105.8715267,-378913
1763969105.872568,-378720
1763969105.8800235,-380409
1763969105.882576,-380704
1763969105.8954957,-379592
1763969105.896798,-380507
1763969105.9110234,-379748
1763969105.91172,-380218
1763969105.9264526,-380617
1763969105.9288788,-378851
1763969105.9330537,-380249
1763969105.9489515,-379674
1763969105.9513931,-380154
1763969105.971675,-380226
1763969105.9738824,-378876
1763969105.9813404,-380237
1763969105.9826303,-380307
1763969106.026508,-380654
1763969106.026508,-381363
1763969106.0314918,-380116
1763969106.0314918,-381589
1763969106.035463,-380885
1763969106.0365093,-381140
1763969106.0384803,-380715
1763969106.049691,-378705
1763969106.050701,-377264
1763969106.0635345,-376782
1763969106.0883656,-375214
1763969106.0895064,-377459
1763969106.090844,-379724
1763969106.0921297,-382367
1763969106.1148694,-383221
1763969106.115871,-382578
1763969106.131934,-383927
1763969106.1483166,-383723
1763969106.1517212,-384507
1763969106.1545346,-384849
1763969106.1558757,-383696
1763969106.1590247,-386629
1763969106.1612642,-384663
1763969106.1763806,-375734
1763969106.1779864,-361984
1763969106.1851585,-341816
1763969106.2018383,-341617
1763969106.2049322,-346307
1763969106.216307,-378282
1763969106.216307,-389178
1763969106.231363,-386461
1763969106.2435503,-385309
1763969106.245062,-384124
1763969106.2514277,-381867
1763969106.2562768,-382909
1763969106.276678,-381950
1763969106.276678,-381866
1763969106.2817016,-381937
1763969106.2863026,-380291
1763969106.3214986,-381148
1763969106.3237128,-379596
1763969106.3317254,-379854
1763969106.335073,-379468
1763969106.3370965,-377756
1763969106.3424995,-378964
1763969106.344459,-377563
1763969106.3518429,-377246
1763969106.3580456,-377269
1763969106.3816056,-376066
1763969106.3830345,-375860
1763969106.384543,-376036
1763969106.3971484,-373870
1763969106.3985999,-375277
1763969106.4175081,-374471
1763969106.4190352,-375371
1763969106.4266984,-375641
1763969106.4277134,-374256
1763969106.4819517,-375889
1763969106.4819517,-376014
1763969106.4819517,-378014
1763969106.5095475,-380038
1763969106.510468,-379039
1763969106.5146902,-381154
1763969106.5165343,-381360
1763969106.5315106,-382429
1763969106.537484,-382528
1763969106.538495,-381149
1763969106.5440056,-382912
1763969106.54557,-381843
1763969106.5462022,-381149
1763969106.548229,-381722
1763969106.551333,-380994
1763969106.551893,-381970
1763969106.561633,-382201
1763969106.578159,-380991
1763969106.5791688,-381779
1763969106.5972905,-381062
1763969106.5982835,-382297
1763969106.6018286,-382689
1763969106.607775,-381211
1763969106.631577,-382766
1763969106.6330006,-381987
1763969106.6330006,-382187
1763969106.6474876,-381376
1763969106.648611,-378726
1763969106.6646209,-377542
1763969106.665633,-376107
1763969106.675849,-377475
1763969106.6775932,-379241
1763969106.6836944,-381444
1763969106.7079659,-383206
1763969106.7089682,-384408
1763969106.7116864,-383220
1763969106.7198834,-384727
1763969106.7292688,-383784
1763969106.7305906,-384556
1763969106.7426226,-384645
1763969106.7580693,-383385
1763969106.7590652,-386585
1763969106.7748346,-382431
1763969106.7768846,-373499
1763969106.7900374,-357128
1763969106.791547,-337057
1763969106.797818,-341672
1763969106.8011515,-367776
1763969106.824792,-386731
1763969106.8565886,-387409
1763969106.8576005,-384385
1763969106.878999,-382856
1763969106.881414,-380932
1763969106.8971643,-381591
1763969106.8997965,-381802
1763969106.9013107,-380561
1763969106.906659,-380877
1763969106.9076772,-381059
1763969106.909673,-379266
1763969106.9108858,-379901
1763969106.9124126,-378294
1763969106.9137404,-378668
1763969106.934857,-378721
1763969106.9371362,-376326
1763969106.939151,-377239
1763969107.0197997,-376793
1763969107.0229847,-376352
1763969107.0255072,-376100
1763969107.0265162,-374771
1763969107.0275126,-375477
1763969107.0295267,-374228
1763969107.0305128,-374719
1763969107.0320332,-374726
1763969107.0345592,-373059
1763969107.0355835,-374751
1763969107.0375853,-374516
1763969107.0471272,-372644
1763969107.0471272,-374649
1763969107.050285,-375449
1763969107.0520816,-377161
1763969107.0599422,-378262
1763969107.0815392,-377821
1763969107.0871027,-380230
1763969107.0888162,-379526
1763969107.0905201,-380267
1763969107.113408,-381272
1763969107.1147237,-379366
1763969107.115735,-380708
1763969107.1300864,-379502
1763969107.1325197,-379553
1763969107.15398,-379969
1763969107.15398,-378535
1763969107.1572933,-379809
1763969107.1621702,-379054
1763969107.1917417,-379614
1763969107.1937554,-380328
1763969107.194771,-379637
1763969107.2152786,-380306
1763969107.2185378,-380552
1763969107.2620435,-379382
1763969107.2620435,-381015
1763969107.2620435,-380174
1763969107.2620435,-379707
1763969107.2699912,-379158
1763969107.2748814,-377163
1763969107.2748814,-375544
1763969107.2777975,-374350
1763969107.2788618,-375179
1763969107.2917535,-377222
1763969107.29364,-379345
1763969107.3062456,-381895
1763969107.3069332,-381324
1763969107.3100827,-382562
1763969107.3515482,-383064
1763969107.3515482,-381461
1763969107.3545024,-382629
1763969107.3561397,-382819
1763969107.3584015,-382403
1763969107.3592753,-384990
1763969107.3787806,-381780
1763969107.3812866,-374256
1763969107.3833058,-359305
1763969107.39459,-338392
1763969107.3965492,-339595
1763969107.4139802,-361303
1763969107.4153757,-385979
1763969107.4253788,-387412
1763969107.4274228,-383491
1763969107.431423,-382249
1763969107.4544406,-380475
1763969107.4560888,-380982
1763969107.462715,-381243
1763969107.4701228,-379252
1763969107.4814963,-380296
1763969107.4827926,-379641
1763969107.5018415,-379770
1763969107.5066252,-379289
1763969107.5083268,-378295
1763969107.5135388,-378522
1763969107.5209851,-378264
1763969107.5444179,-376387
1763969107.5444179,-377120
1763969107.59132,-375817
1763969107.59132,-376092
1763969107.5987084,-375660
1763969107.6215825,-374152
1763969107.6229434,-374743
1763969107.6455982,-373792
1763969107.6473958,-374097
1763969107.65927,-374128
1763969107.6606152,-372911
1763969107.6616309,-374087
1763969107.6652253,-373079
1763969107.6678443,-374387
1763969107.6688604,-375059
1763969107.6698585,-374880
1763969107.6713696,-377231
1763969107.6730363,-377505
1763969107.676154,-377536
1763969107.677173,-379292
1763969107.681857,-379109
1763969107.7087011,-380381
1763969107.7107146,-380949
1763969107.7148666,-379379
1763969107.7170765,-380657
1763969107.731605,-379532
1763969107.7348492,-380077
1763969107.7397401,-380251
1763969107.7632704,-378429
1763969107.7646654,-379683
1763969107.781825,-378949
1763969107.7886276,-379294
1763969107.7896225,-379912
1763969107.7917569,-378842
1763969107.8017416,-380173
1763969107.8049161,-379581
1763969107.8121128,-380101
1763969107.8250425,-380855
1763969107.8260748,-379381
1763969107.8447526,-379988
1763969107.846262,-381132
1763969107.8567152,-379954
1763969107.8603048,-381361
1763969107.8655941,-380919
1763969107.8914547,-380639
1763969107.8926618,-379856
1763969107.8975227,-377964
1763969107.8994908,-377300
1763969107.9275026,-375367
1763969107.9285357,-375529
1763969107.9514117,-376539
1763969107.9548562,-378374
1763969107.955873,-381172
1763969107.9776907,-381396
1763969107.9790406,-382096
1763969107.9815578,-382817
1763969107.9893904,-381313
1763969107.9908004,-382699
1763969107.9923253,-382237
1763969108.0197463,-382374
1763969108.0214777,-383087
1763969108.0229716,-384273
1763969108.0240262,-380371
1763969108.025853,-371016
1763969108.0348277,-352626
1763969108.0365472,-336285
1763969108.0598717,-340298
1763969108.0613935,-368822
1763969108.0624025,-388110
1763969108.0750227,-385014
1763969108.0760665,-382957
1763969108.0975273,-380137
1763969108.09984,-380064
1763969108.1060708,-380938
1763969108.1060708,-379574
1763969108.1132226,-380271
1763969108.1409695,-379626
1763969108.143527,-379779
1763969108.1445258,-379702
1763969108.1455321,-378002
1763969108.1729305,-378759
1763969108.1729305,-378769
1763969108.1817367,-376722
1763969108.1860547,-377581
1763969108.1880763,-376346
1763969108.192331,-376451
1763969108.2016706,-376262
1763969108.2415974,-374246
1763969108.2415974,-374902
1763969108.251523,-373829
1763969108.251523,-374321
1763969108.2554288,-373820
1763969108.2563875,-372394
1763969108.2571995,-373858
1763969108.261625,-373246
1763969108.2707462,-373067
1763969108.2945821,-373532
1763969108.29613,-373092
1763969108.3257504,-375386
1763969108.3273797,-375723
1763969108.328582,-377123
1763969108.3412893,-378433
1763969108.345321,-378021
1763969108.3485665,-379024
1763969108.3500354,-379207
1763969108.3578405,-378304
1763969108.3602958,-379207
1763969108.364554,-378442
1763969108.3885972,-378288
1763969108.3896146,-378516
1763969108.3963182,-377237
1763969108.398777,-378125
1763969108.4134278,-377390
1763969108.4147942,-377962
1763969108.4285543,-378448
1763969108.4295726,-377167
1763969108.4345555,-378392
1763969108.457498,-378040
1763969108.457498,-378549
1763969108.4648068,-379257
1763969108.466209,-378423
1763969108.4885812,-379702
1763969108.4920099,-379252
1763969108.4927938,-378956
1763969108.5113034,-379782
1763969108.5148716,-379431
1763969108.5198781,-380044
1763969108.5214834,-380356
1763969108.5448534,-378865
1763969108.5458717,-380114
1763969108.5638247,-379705
1763969108.5698593,-379661
1763969108.5713758,-380098
1763969108.5764916,-378808
1763969108.578091,-379425
1763969108.593331,-377819
1763969108.5948522,-377126
1763969108.6136668,-375534
1763969108.6171434,-372924
1763969108.6201646,-374377
1763969108.6317356,-374974
1763969108.633707,-378141
1763969108.6638215,-380029
1763969108.6638215,-379075
1763969108.7117445,-379724
1763969108.7117445,-380938
1763969108.7117445,-379595
1763969108.7117445,-380669
1763969108.7191331,-380200
1763969108.7203877,-380665
1763969108.7224221,-381266
1763969108.725117,-381625
1763969108.7270262,-376889
1763969108.7322726,-365282
1763969108.7362356,-347413
1763969108.7393155,-334023
1763969108.763078,-340866
1763969108.763078,-374753
1763969108.771344,-385320
1763969108.7736297,-382350
1763969108.7953844,-380431
1763969108.7963812,-377162
1763969108.8147507,-378289
1763969108.8201628,-377988
1763969108.821683,-377292
1763969108.824619,-377958
1763969108.8258126,-376924
1763969108.854586,-377161
1763969108.8561785,-377396
1763969108.8572097,-375569
1763969108.8590133,-376474
1763969108.8918679,-375451
1763969108.892905,-375090
1763969108.895453,-375069
1763969108.8974442,-373130
1763969108.8999386,-373821
1763969108.9101517,-372896
1763969108.912693,-372687
1763969108.9247718,-372506
1763969108.9268634,-371066
1763969108.946084,-371949
1763969108.9496078,-371221
1763969108.9506204,-371292
1763969108.9619358,-371978
1763969108.9619358,-370604
1763969108.9814742,-371264
1763969108.9837575,-371903
1763969108.991175,-371210
1763969109.0517805,-372867
1763969109.0546818,-372947
1763969109.0565288,-374664
1763969109.0565288,-375906
1763969109.0800004,-375554
1763969109.0815408,-377297
1763969109.084885,-376999
1763969109.0857284,-376779
1763969109.0879824,-377646
1763969109.0890176,-376050
1763969109.0899932,-376917
1763969109.092622,-376502
1763969109.0936165,-376889
1763969109.11284,-377011
1763969109.1185434,-375717
1763969109.1205559,-376721
1763969109.1319845,-375982
1763969109.135047,-376449
1763969109.1614628,-376711
1763969109.1614628,-376257
1763969109.1614628,-376855
1763969109.1614628,-377477
1763969109.1819127,-376219
1763969109.1878462,-377376
1763969109.1888683,-377027
1763969109.201525,-377087
1763969109.2041028,-377899
1763969109.211628,-376935
1763969109.2175229,-378492
1763969109.2293952,-377764
1763969109.2315435,-378099
1763969109.2409558,-378649
1763969109.2546837,-377441
1763969109.2562008,-378521
1763969109.27849,-377976
1763969109.2802129,-378252
1763969109.2865186,-378987
1763969109.2876801,-377544
1763969109.3144257,-378656
1763969109.3199983,-379019
1763969109.321511,-377612
1763969109.3233047,-378473
1763969109.3275492,-377636
1763969109.3617094,-377158
1763969109.3637614,-375526
1763969109.3637614,-373387
1763969109.3657749,-374431
1763969109.373551,-372177
1763969109.389752,-375119
1763969109.3912678,-378224
1763969109.43151,-377860
1763969109.438811,-378937
1763969109.4402363,-379181
1763969109.441749,-379176
1763969109.4583945,-379602
1763969109.4595716,-378569
1763969109.4605815,-379643
1763969109.461563,-379630
1763969109.463404,-381229
1763969109.4662795,-375902
1763969109.468108,-370796
1763969109.481803,-356174
1763969109.481803,-337705
1763969109.524258,-334170
1763969109.5315735,-353802
1763969109.5315735,-379939
1763969109.538863,-382129
1763969109.540184,-379838
1763969109.5414128,-376823
1763969109.5424395,-376951
1763969109.5603037,-376691
1763969109.5624433,-376840
1763969109.5638738,-377212
1763969109.5757577,-375447
1763969109.5767698,-376297
1763969109.5903358,-375747
1763969109.5914698,-375821
1763969109.607284,-375977
1763969109.610083,-374054
1763969109.6146011,-374381
1763969109.639014,-373869
1763969109.6400244,-373097
1763969109.645147,-373849
1763969109.6457863,-373639
1763969109.6613228,-372818
1763969109.667441,-372508
1763969109.6729522,-371100
1763969109.6766896,-372062
1763969109.6899705,-370779
1763969109.7016149,-371326
1763969109.7037234,-372091
1763969109.7118113,-370636
1763969109.7171094,-371925
1763969109.741706,-370842
1763969109.741706,-372140
1763969109.7726345,-373527
1763969109.7742672,-373206
1763969109.775446,-375719
1763969109.7961257,-375568
1763969109.8014305,-377379
1763969109.822642,-378147
1763969109.8256717,-377209
1763969109.8374708,-378032
1763969109.8384864,-378832
1763969109.8404813,-377729
1763969109.8420055,-378504
1763969109.8430161,-377751
1763969109.8444571,-378079
1763969109.8444571,-378401
1763969109.86875,-377043
1763969109.8695111,-378538
1763969109.8712568,-377879
1763969109.8814924,-378234
1763969109.8851485,-379132
1763969109.9397755,-377711
1763969109.9412894,-379094
1763969109.9433389,-378922
1763969109.951404,-379372
1763969109.9544184,-379622
1763969109.9563615,-378661
1763969109.9576955,-379893
1763969109.9576955,-379251
1763969109.9617047,-380062
1763969109.9660137,-380201
1763969109.9670162,-379639
1763969109.9797332,-380175
1763969109.9797332,-381056
1763969110.0052023,-379407
1763969110.006204,-380842
1763969110.0071108,-380266
1763969110.0372562,-380404
1763969110.0382721,-381182
1763969110.0392315,-379581
1763969110.0400877,-381271
1763969110.05135,-379981
1763969110.054881,-379579
1763969110.0815077,-377455
1763969110.0815077,-376178
1763969110.0815077,-376435
1763969110.0957878,-374808
1763969110.0957878,-379324
1763969110.1250014,-381864
1763969110.1269956,-380495
1763969110.1645708,-382008
1763969110.1645708,-382531
1763969110.1645708,-381592
1763969110.1915064,-382162
1763969110.1948764,-381897
1763969110.1968856,-383054
1763969110.1978884,-383427
1763969110.2246356,-384057
1763969110.2260182,-379217
1763969110.2273393,-368514
1763969110.236209,-351382
1763969110.2393372,-337952
1763969110.2407222,-344734
1763969110.2418993,-376927
1763969110.243534,-386479
1763969110.2448175,-385217
1763969110.2572398,-383840
1763969110.2587686,-380949
1763969110.2604458,-381498
1763969110.2719705,-380449
1763969110.2729368,-381071
1763969110.2871644,-381581
1763969110.2881808,-380349
1763969110.3014495,-380417
1763969110.302367,-380339
1763969110.3078556,-378801
1763969110.3318453,-379474
1763969110.3380446,-378321
1763969110.3413641,-378647
1763969110.3432038,-378729
1763969110.3653212,-376589
1763969110.3673139,-377215
1763969110.3683221,-376395
1763969110.375987,-376367
1763969110.3821719,-376251
1763969110.3953884,-374890
1763969110.3968563,-375621
1763969110.4200358,-374685
1763969110.4200358,-375584
1763969110.445895,-376072
1763969110.4516056,-374233
1763969110.4516056,-375921
1763969110.4546382,-376374
1763969110.456151,-375501
1763969110.4615834,-377671
1763969110.467214,-378273
1763969110.5182962,-379222
1763969110.5194755,-381249
1763969110.5226996,-380581
1763969110.5615752,-382794
1763969110.5615752,-382227
1763969110.5615752,-382772
1763969110.5615752,-383371
1763969110.5675092,-381707
1763969110.5690625,-382957
1763969110.5700955,-382069
1763969110.5716157,-382472
1763969110.5764265,-382694
1763969110.5774372,-381686
1763969110.5784924,-382410
1763969110.5962281,-381937
1763969110.6016166,-382440
1763969110.6043723,-382823
1763969110.606154,-382277
1763969110.6115623,-382759
1763969110.6231945,-383463
1763969110.6327,-382345
1763969110.6449063,-383274
1763969110.6470342,-382156
1763969110.671495,-383540
1763969110.67251,-383751
1763969110.6818004,-382876
1763969110.6877196,-384413
1763969110.6893327,-382889
1763969110.6950865,-382558
1763969110.701661,-380618
1763969110.7143762,-379616
1763969110.7200198,-379791
1763969110.7332728,-377340
1763969110.7347698,-382010
1763969110.7565951,-384724
1763969110.7565951,-384004
1763969110.7565951,-385579
1763969110.7788124,-385357
1763969110.7817051,-385106
1763969110.7958424,-386067
1763969110.8024545,-384779
1763969110.8081026,-385910
1763969110.81159,-386512
1763969110.8120904,-386810
1763969110.8388224,-384263
1763969110.8395498,-374877
1763969110.8405955,-358860
1763969110.8421912,-340661
1763969110.862201,-343447
1763969110.8693106,-372304
1763969110.8703198,-387702
1763969110.8933547,-388522
1763969110.9115334,-387216
1763969110.9197948,-383487
1763969110.9213285,-383814
1763969110.9253423,-382937
1763969110.9263542,-383706
1763969110.938919,-383934
1763969110.9415781,-382014
1763969110.9428918,-382841
1763969110.9435117,-382723
1763969110.951692,-381011
1763969110.9643908,-381631
1763969110.9687295,-380194
1763969110.981673,-380874
1763969110.981673,-380485
1763969110.9901893,-378217
1763969111.0047328,-379105
1763969111.0067515,-377459
1763969111.0197775,-377761
1763969111.0197775,-378052
1763969111.032832,-376259
1763969111.0362577,-377275
1763969111.1032226,-375741
1763969111.1047533,-376684
1763969111.1067634,-376937
1763969111.1078053,-375465
1763969111.108783,-376820
1763969111.1146636,-376026
1763969111.1168,-377965
1763969111.1178672,-378629
1763969111.1188872,-379141
1763969111.1219623,-381147
1763969111.129897,-382996
1763969111.1314235,-382352
1763969111.1454082,-384277
1763969111.146796,-383246
1763969111.1601934,-384048
1763969111.1626337,-384555
1763969111.1922603,-383239
1763969111.1932821,-383171
1763969111.1948051,-382599
1763969111.2015026,-383521
1763969111.2023692,-383361
1763969111.224543,-381817
1763969111.224543,-383308
1763969111.254892,-382172
1763969111.2559721,-382633
1763969111.2580087,-383040
1763969111.2768798,-382301
1763969111.2829432,-383344
1763969111.2844641,-383338
1763969111.2854877,-382503
1763969111.3071077,-383747
1763969111.3084328,-383027
1763969111.309799,-383712
1763969111.3113117,-384140
1763969111.3113117,-383465
1763969111.3440332,-384361
1763969111.3440332,-383356
1763969111.3440332,-383616
1763969111.3515003,-383429
1763969111.3548062,-380539
1763969111.3557732,-380928
1763969111.3618789,-379386
1763969111.3815277,-378462
1763969111.383755,-380246
1763969111.3961024,-382099
1763969111.3961024,-385491
1763969111.4418137,-384550
1763969111.4418137,-385302
1763969111.4418137,-385533
1763969111.4418137,-384632
1763969111.4418137,-385577
1763969111.4516575,-386137
1763969111.4526775,-384737
1763969111.4720387,-386991
1763969111.4720387,-387366
1763969111.4720387,-380042
1763969111.4812214,-368694
1763969111.4902766,-348719
1763969111.5119152,-340250
1763969111.5213943,-351182
1763969111.5230682,-383311
1763969111.524727,-390339
1763969111.544619,-386448
1763969111.5460532,-385684
1763969111.591531,-383278
1763969111.591531,-383216
1763969111.591531,-383399
1763969111.6216106,-381964
1763969111.6216106,-382964
1763969111.6417837,-383120
1763969111.6486516,-381175
1763969111.6496625,-382114
1763969111.651662,-380769
1763969111.661898,-380941
1763969111.6757965,-380497
1763969111.677682,-378561
1763969111.6783633,-379217
1763969111.6803763,-377720
1763969111.6820214,-378412
1763969111.683066,-378186
1763969111.6859438,-376021
1763969111.6879642,-376705
1763969111.6903605,-375529
1763969111.6935413,-375772
1763969111.702556,-375474
1763969111.711676,-374827
1763969111.71638,-376024
1763969111.7384024,-374871
1763969111.7395883,-375430
1763969111.7415867,-375859
1763969111.756323,-375724
1763969111.7579932,-377630
1763969111.7878091,-378748
1763969111.7878091,-378051
1763969111.791332,-380734
1763969111.791332,-380574
1763969111.799037,-381589
1763969111.8016198,-382318
1763969111.8135004,-380811
1763969111.8275363,-381708
1763969111.828179,-380954
1763969111.8582788,-381148
1763969111.860331,-380954
1763969111.8613443,-380051
1763969111.8664317,-381250
1763969111.8689897,-380065
1763969111.8914888,-380527
1763969111.8914888,-381001
1763969111.8914888,-379826
1763969111.8914888,-381327
1763969111.9147475,-380369
1763969111.9189556,-380112
1763969111.936927,-381122
1763969111.9388218,-381099
1763969111.9400163,-381807
1763969111.9774501,-382107
1763969111.9774501,-381012
1763969111.9813974,-382183
1763969111.9813974,-381481
1763969112.0090716,-382404
1763969112.0100713,-382563
1763969112.027938,-381278
1763969112.0377645,-382220
1763969112.03883,-381383
1763969112.0399816,-382427
1763969112.041518,-382663
1763969112.043538,-380686
1763969112.0450642,-380270
1763969112.0814738,-378334
1763969112.0814738,-378197
1763969112.0855572,-376861
1763969112.0914435,-376243
1763969112.0928686,-378624
1763969112.0943775,-381094
1763969112.0943775,-381434
1763969112.105216,-382522
1763969112.106446,-382326
1763969112.118919,-382481
1763969112.126174,-382657
1763969112.131943,-381714
1763969112.1537962,-382976
1763969112.1555946,-382609
1763969112.1614277,-384924
1763969112.162193,-378820
1763969112.181423,-367023
1763969112.182848,-349529
1763969112.1863735,-335026
1763969112.1945727,-343621
1763969112.201554,-376191
1763969112.2315037,-385940
1763969112.2315037,-384541
1763969112.2315037,-382066
1763969112.2365115,-380831
1763969112.2400477,-380643
1763969112.2546177,-379727
1763969112.2561717,-380584
1763969112.271266,-380271
1763969112.2722185,-378985
1763969112.2819014,-380031
1763969112.286446,-378128
1763969112.3117044,-378686
1763969112.3137481,-378181
1763969112.3157566,-376504
1763969112.339441,-377342
1763969112.3414047,-376285
1763969112.3424172,-376287
1763969112.3444176,-375989
1763969112.3699055,-374334
1763969112.3710458,-374622
1763969112.3716817,-373470
1763969112.392814,-373682
1763969112.3970873,-373119
1763969112.4016342,-371661
1763969112.403772,-373036
1763969112.4095197,-373205
1763969112.4120908,-371921
1763969112.4362736,-373111
1763969112.4378252,-372797
1763969112.4399638,-373672
1763969112.4506438,-374737
1763969112.452438,-374690
1763969112.4709468,-376926
1763969112.4725165,-377041
1763969112.4795525,-378486
1763969112.481377,-379619
1763969112.4938462,-378364
1763969112.5065715,-379549
1763969112.5075817,-378827
1763969112.5227914,-378999
1763969112.5237875,-378766
1763969112.5353754,-377294
1763969112.5373833,-377697
1763969112.5430558,-377239
1763969112.5515938,-377282
1763969112.5617614,-377498
1763969112.574668,-376491
1763969112.575667,-377068
1763969112.5934353,-377256
1763969112.596093,-376200
1763969112.608539,-377407
1763969112.609381,-376883
1763969112.6145027,-377666
1763969112.6286867,-377948
1763969112.6286867,-376959
1763969112.642979,-377959
1763969112.6485174,-377063
1763969112.6746905,-377641
1763969112.6756685,-378576
1763969112.6766925,-377375
1763969112.6766925,-378527
1763969112.7037258,-377871
1763969112.7050073,-378184
1763969112.7072117,-378654
1763969112.726596,-377909
1763969112.7324033,-379132
1763969112.758463,-378280
1763969112.7596774,-377961
1763969112.7860312,-378881
1763969112.8114436,-378385
1763969112.8177001,-379012
1763969112.822467,-379462
1763969112.8242726,-377911
1763969112.8254023,-378491
1763969112.8264349,-376776
1763969112.8301375,-375487
1763969112.8324447,-375621
1763969112.8334615,-372619
1763969112.8364773,-374381
1763969112.8374634,-376774
1763969112.8395822,-378891
1763969112.8413358,-379961
1763969112.853582,-378843
1763969112.853582,-380280
1763969112.8618336,-379228
1763969112.8888927,-380322
1763969112.8898764,-381121
1763969112.892482,-380097
1763969112.8971672,-381024
1763969112.9117346,-382995
1763969112.9148774,-375541
1763969112.9432855,-365532
1763969112.9432855,-346032
1763969112.9432855,-332628
1763969112.9432855,-340640
1763969112.951255,-372295
1763969112.9733276,-384829
1763969112.9746084,-381412
1763969112.9779751,-380337
1763969112.9815507,-378890
1763969112.994611,-377764
1763969113.0055299,-379147
1763969113.0075483,-377527
1763969113.0267067,-377853
1763969113.029546,-377926
1763969113.034555,-376519
1763969113.0358298,-376874
1763969113.0633106,-375639
1763969113.0633106,-375301
1763969113.0680563,-376167
1763969113.1193378,-375237
1763969113.1206987,-375059
1763969113.1213267,-374765
1763969113.1213267,-373312
1763969113.1373818,-373759
1763969113.1384172,-372217
1763969113.1394029,-372611
1763969113.141379,-372799
1763969113.1418312,-371351
1763969113.1418312,-371984
1763969113.1418312,-370794
1763969113.1693032,-371563
1763969113.1702836,-371697
1763969113.184751,-370839
1763969113.1867704,-372047
1763969113.1877606,-372292
1763969113.201321,-373846
1763969113.2024362,-375059
1763969113.2236867,-375227
1763969113.224687,-376641
1763969113.2315285,-377857
1763969113.233732,-377163
1763969113.2391093,-378782
1763969113.2616186,-377971
1763969113.2650867,-378458
1763969113.2691176,-379293
1763969113.2706819,-378034
1763969113.2916894,-378133
1763969113.2951877,-377599
1763969113.3227992,-378241
1763969113.3238041,-378361
1763969113.3248081,-376981
1763969113.3258345,-378158
1763969113.3279915,-377443
1763969113.3595135,-378228
1763969113.3610358,-378786
1763969113.3651543,-377721
1763969113.3676987,-379362
1763969113.3687155,-378285
1763969113.381616,-379092
1763969113.3854508,-379626
1763969113.391261,-379071
1763969113.397362,-379617
1763969113.4099362,-379815
1763969113.4114444,-378656
1763969113.4413066,-380434
1763969113.4423327,-379481
1763969113.4433327,-380489
1763969113.4619474,-381009
1763969113.4673333,-379354
1763969113.4914367,-381172
1763969113.49286,-379888
1763969113.494372,-380369
1763969113.494372,-381361
1763969113.4977596,-380104
1763969113.5056174,-381338
1763969113.5072162,-380313
1763969113.520782,-380625
1763969113.5218148,-381489
1763969113.5446303,-379860
1763969113.5461073,-378897
1763969113.5757241,-378023
1763969113.5757241,-376896
1763969113.5757241,-377736
1763969113.5757241,-375432
1763969113.5814927,-378974
1763969113.5912397,-381733
1763969113.5930274,-381221
1763969113.6059973,-381911
1763969113.607012,-382170
1763969113.611511,-382659
1763969113.6387196,-382617
1763969113.6396875,-381302
1763969113.6447756,-383177
1763969113.646016,-383162
1763969113.6690547,-383913
1763969113.6700501,-375709
1763969113.6939633,-362033
1763969113.6951542,-343910
1763969113.696352,-336937
1763969113.7024293,-351074
1763969113.7043798,-381345
1763969113.717585,-384176
1763969113.718602,-384782
1763969113.7426848,-383731
1763969113.7439718,-380409
1763969113.7446768,-380985
1763969113.757445,-380204
1763969113.758497,-380339
1763969113.77148,-380115
1763969113.773494,-378947
1763969113.7923915,-380062
1763969113.801733,-378452
1763969113.8270907,-379068
1763969113.8270907,-378851
1763969113.8315485,-377289
1763969113.8616548,-377581
1763969113.863486,-376208
1763969113.8729532,-376891
1763969113.8744805,-376831
1763969113.8754916,-375010
1763969113.8754916,-375692
1763969113.8814003,-374406
1763969113.8826227,-373932
1763969113.8836544,-374770
1763969113.8954191,-373622
1763969113.8973906,-374139
1763969113.9115603,-373781
1763969113.9150689,-372857
1763969113.9377954,-374621
1763969113.9384966,-373893
1763969113.9405055,-375567
1763969113.9538312,-377118
1763969113.9568558,-376987
1763969113.9812667,-379296
1763969113.982582,-379737
1763969113.9836009,-381733
1763969113.9845943,-381962
1763969114.0113509,-380886
1763969114.0135965,-382444
1763969114.0146122,-381150
1763969114.0206556,-382167
1763969114.021746,-382735
1763969114.0361483,-381447
1763969114.0378783,-381883
1763969114.0616012,-382015
1763969114.0646672,-380598
1763969114.0666778,-381662
1763969114.0755303,-380667
1763969114.0755303,-381752
1763969114.0926335,-382061
1763969114.094049,-381035
1763969114.106424,-382259
1763969114.1070092,-381605
1763969114.1144848,-382329
1763969114.1817274,-382647
1763969114.1841054,-381604
1763969114.1852,-383305
1763969114.186198,-382487
1763969114.1872053,-383069
1763969114.1892025,-383714
1763969114.2052627,-382986
1763969114.2069519,-383701
1763969114.2079668,-383059
1763969114.225906,-384347
1763969114.2315273,-384483
1763969114.237654,-383042
1763969114.2387927,-383959
1763969114.2397814,-384237
1763969114.2412915,-383128
1763969114.2857099,-384422
1763969114.2857099,-383224
1763969114.2857099,-384500
1763969114.291472,-384124
1763969114.291472,-381021
1763969114.2960267,-380454
1763969114.296689,-379989
1763969114.3025415,-379339
1763969114.3117077,-380470
1763969114.3127596,-382739
1763969114.3246295,-385107
1763969114.3256395,-383926
1763969114.3401356,-385333
1763969114.3424716,-385537
1763969114.3549905,-383911
1763969114.3559926,-384867
1763969114.3926492,-385689
1763969114.3926492,-384744
1763969114.3926492,-386819
1763969114.4017503,-385292
1763969114.4033685,-377201
1763969114.4085157,-363739
1763969114.411143,-343310
1763969114.4528759,-339166
1763969114.4528759,-353081
1763969114.4528759,-383398
1763969114.4528759,-388328
1763969114.459202,-385297
1763969114.464544,-384927
1763969114.4678588,-382589
1763969114.472944,-383022
1763969114.4807084,-383203
1763969114.4916177,-381721
1763969114.5060208,-382385
1763969114.5084705,-380911
1763969114.53737,-381784
1763969114.5383785,-382101
1763969114.5627575,-380774
1763969114.563712,-380999
1763969114.5918128,-380276
1763969114.5918128,-379071
1763969114.6001468,-379740
1763969114.6016593,-378412
1763969114.6031566,-378725
1763969114.6314943,-378531
1763969114.6314943,-376756
1763969114.645665,-377321
1763969114.6470022,-375909
1763969114.6525404,-376394
1763969114.6559885,-376401
1763969114.6569874,-375035
1763969114.6583416,-375663
1763969114.6583416,-374710
1763969114.6617014,-376293
1763969114.6628218,-377592
1763969114.6876242,-377036
1763969114.6893926,-379000
1763969114.6900148,-379796
1763969114.7034762,-380098
1763969114.7052875,-382499
1763969114.7196033,-382200
1763969114.7212667,-383244
1763969114.732982,-383989
1763969114.7345054,-382956
1763969114.7388296,-383884
1763969114.76325,-382854
1763969114.7650988,-383217
1763969114.773153,-383049
1763969114.7746596,-381752
1763969114.7875566,-382812
1763969114.7895682,-381568
1763969114.8114102,-382184
1763969114.8124378,-382511
1763969114.8134563,-381418
1763969114.825331,-382780
1763969114.825331,-381975
1763969114.841308,-382641
1763969114.8439405,-382922
1763969114.8568866,-381862
1763969114.8588219,-382714
1763969114.8649054,-383274
1763969114.883046,-382177
1763969114.9081938,-382861
1763969114.9099276,-381877
1763969114.9099276,-382917
1763969114.9331522,-383622
1763969114.9346678,-382745
1763969114.9676366,-383797
1763969114.968951,-382816
1763969114.9706352,-383376
1763969114.9723225,-383387
1763969114.9734476,-382574
1763969114.9751313,-383529
1763969114.9763236,-382845
1763969114.9793742,-383390
1763969114.9813745,-383424
1763969114.9916923,-382573
1763969115.0017033,-383568
1763969115.0082188,-382926
1763969115.0217047,-383016
1763969115.0245383,-383646
1763969115.0437503,-382812
1763969115.0483415,-383766
1763969115.0550005,-383875
1763969115.061484,-382932
1763969115.062494,-383984
1763969115.0746176,-382879
1763969115.0746176,-383586
1763969115.091483,-383761
1763969115.0971339,-382994
1763969115.1023917,-382661
1763969115.1059387,-379525
1763969115.1186056,-379869
1763969115.124764,-380122
1763969115.1315076,-377382
1763969115.142757,-381624
1763969115.1469724,-382542
1763969115.1520276,-384351
1763969115.1615949,-384571
1763969115.1864092,-384279
1763969115.1864092,-384932
1763969115.1864092,-384626
1763969115.2015114,-383704
1763969115.2025292,-385345
1763969115.2115443,-384888
1763969115.2160873,-386611
1763969115.2354548,-379331
1763969115.2354548,-366155
1763969115.2416916,-348513
1763969115.2684731,-336830
1763969115.2700589,-347263
1763969115.272601,-380501
1763969115.2735991,-388081
1763969115.30312,-386214
1763969115.3042753,-384462
1763969115.3255365,-383775
1763969115.3321972,-384009
1763969115.3332098,-382731
1763969115.361535,-383552
1763969115.361535,-382351
1763969115.361535,-382871
1763969115.3671677,-382879
1763969115.3691003,-381592
1763969115.3702662,-381835
1763969115.3712409,-381813
1763969115.3862062,-380185
1763969115.3879807,-380602
1763969115.3917592,-379492
1763969115.3974705,-379261
1763969115.4089231,-378974
1763969115.4089231,-377523
1763969115.435196,-378117
1763969115.43699,-376545
1763969115.4376976,-376858
1763969115.4495096,-376194
1763969115.450523,-374560
1763969115.466162,-375684
1763969115.467177,-374865
1763969115.4735265,-375432
1763969115.4816897,-375830
1763969115.4901423,-375019
1763969115.504453,-376617
1763969115.5060167,-377338
1763969115.5214407,-377461
1763969115.5234606,-379526
1763969115.5365381,-379876
1763969115.5375938,-381561
1763969115.5616884,-382484
1763969115.5636485,-381859
1763969115.564679,-383250
1763969115.5719628,-382139
1763969115.5786486,-382857
1763969115.5917532,-382904
1763969115.5917532,-381678
1763969115.6045063,-382922
1763969115.6055403,-381506
1763969115.631396,-382195
1763969115.632697,-382184
1763969115.6337345,-381139
1763969115.6574614,-382107
1763969115.6584527,-380981
1763969115.6814127,-381877
1763969115.6858475,-382096
1763969115.706291,-381521
1763969115.707948,-382387
1763969115.7096188,-382757
1763969115.7106006,-381142
1763969115.7116108,-382582
1763969115.7158802,-381630
1763969115.7169027,-382414
1763969115.723453,-382904
1763969115.7312174,-382258
1763969115.7413676,-382761
1763969115.7512434,-382199
1763969115.7586622,-382676
1763969115.784624,-383264
1763969115.784624,-381879
1763969115.788522,-382879
1763969115.788522,-382017
1763969115.8059926,-382863
1763969115.8122923,-383029
1763969115.8133404,-382157
1763969115.8245056,-382327
1763969115.8272448,-382713
1763969115.8416994,-382090
1763969115.8432884,-383204
1763969115.8617218,-382175
1763969115.8643367,-383036
1763969115.8653564,-383047
1763969115.8899903,-382370
1763969115.8920643,-382886
1763969115.9246533,-381857
1763969115.9246533,-382398
1763969115.9246533,-382709
1763969115.9246533,-381423
1763969115.9344895,-382557
1763969115.936981,-382011
1763969115.9379952,-382644
1763969115.9502301,-383375
1763969115.9511948,-382362
1763969115.9655964,-383183
1763969115.9671261,-380804
1763969115.9904716,-379426
1763969115.9921625,-379472
1763969115.9931998,-378848
1763969116.0416222,-377971
1763969116.0416222,-379050
1763969116.0416222,-380977
1763969116.0416222,-383077
1763969116.0547223,-382503
1763969116.0609376,-383595
1763969116.06548,-384284
1763969116.0680144,-382203
1763969116.0692236,-383677
1763969116.074527,-383156
1763969116.0763285,-383965
1763969116.0898159,-385217
1763969116.09144,-377983
1763969116.10436,-367880
1763969116.1053786,-347131
1763969116.1156356,-335349
1763969116.1236956,-343516
1763969116.131387,-375616
1763969116.143141,-387374
1763969116.143141,-383452
1763969116.1682818,-382887
1763969116.1694324,-382714
1763969116.1900585,-381072
1763969116.1914108,-381778
1763969116.1924238,-381682
1763969116.2034495,-380021
1763969116.2044427,-381194
1763969116.223848,-380556
1763969116.2321525,-380270
1763969116.2331693,-380157
1763969116.2362669,-379262
1763969116.2399077,-379450
1763969116.2543573,-378032
1763969116.255375,-378954
1763969116.2677116,-378735
1763969116.2720993,-376793
1763969116.2841933,-377221
1763969116.2866971,-375449
1763969116.307445,-376134
1763969116.3113892,-375857
1763969116.3122475,-374041
1763969116.3255062,-374672
1763969116.3297446,-374773
1763969116.339876,-374120
1763969116.339876,-374750
1763969116.3616421,-373476
1763969116.3663526,-374934
1763969116.367861,-375719
1763969116.390157,-375463
1763969116.3928869,-377350
1763969116.42098,-378411
1763969116.42251,-380320
1763969116.443662,-381534
1763969116.4652123,-381352
1763969116.488392,-382908
1763969116.4912553,-381890
1763969116.4923074,-382652
1763969116.4923074,-383171
1763969116.4943416,-382256
1763969116.4943416,-382907
1763969116.4943416,-381607
1763969116.4995933,-381887
1763969116.5006044,-382126
1763969116.502104,-381641
1763969116.5069957,-382091
1763969116.5106807,-381819
1763969116.5224633,-381409
1763969116.5234637,-382197
1763969116.5850086,-381111
1763969116.6028597,-382388
1763969116.604377,-382917
1763969116.6053965,-381599
1763969116.607271,-382620
1763969116.6075819,-381814
1763969116.6088865,-383052
1763969116.609879,-383506
1763969116.609879,-382336
1763969116.6113803,-383199
1763969116.6119523,-382252
1763969116.6235108,-383733
1763969116.6274433,-383706
1763969116.6313922,-382564
1763969116.6412358,-383769
1763969116.6493385,-383797
1763969116.691509,-382982
1763969116.691509,-383946
1763969116.691509,-382935
1763969116.691509,-383844
1763969116.691509,-384092
1763969116.6997275,-383183
1763969116.7006752,-384068
1763969116.7203078,-383812
1763969116.7219195,-384170
1763969116.7412617,-384452
1763969116.7488842,-383129
1763969116.75049,-384169
1763969116.7738008,-382935
1763969116.7750957,-382325
1763969116.791569,-380724
1763969116.800996,-380177
1763969116.80263,-379833
1763969116.8035622,-378747
1763969116.811561,-382926
1763969116.8137667,-384527
1763969116.8168378,-384089
1763969116.8217425,-385239
1763969116.8288572,-385916
1763969116.8413062,-384585
1763969116.8413062,-385779
1763969116.8571148,-384560
1763969116.8584533,-385566
1763969116.8666468,-386437
1763969116.8736143,-385847
1763969116.881314,-378665
1763969116.8974051,-365098
1763969116.8984194,-347149
1763969116.9106348,-338765
1763969116.912446,-348462
1763969116.9343169,-381636
1763969116.9343169,-387672
1763969116.9343169,-386529
1763969116.950155,-385539
1763969116.9513204,-382544
1763969116.9644525,-383491
1763969116.966159,-382411
1763969116.9886615,-382242
1763969116.989573,-382930
1763969116.991231,-381966
1763969117.0117612,-382682
1763969117.0157871,-382806
1763969117.0211694,-381174
1763969117.022161,-381797
1763969117.0344503,-379784
1763969117.0367918,-380344
1763969117.0569477,-380234
1763969117.0616927,-378469
1763969117.062704,-379014
1763969117.074832,-377197
1763969117.076961,-377679
1763969117.1044145,-377095
1763969117.106453,-375636
1763969117.1234953,-375856
1763969117.1339958,-374447
1763969117.1357808,-375507
1763969117.1554108,-375421
1763969117.1574795,-374286
1763969117.1847901,-375307
1763969117.1863177,-375907
1763969117.1875648,-375674
1763969117.1886973,-377986
1763969117.2021368,-378091
1763969117.203242,-380364
1763969117.205047,-382411
1763969117.2063584,-382888
1763969117.2063584,-384126
1763969117.2172825,-383656
1763969117.2183897,-384802
1763969117.2326033,-384744
1763969117.2343564,-383897
1763969117.2394652,-385127
1763969117.2544966,-383658
1763969117.2565138,-384670
1763969117.2724578,-384292
1763969117.273722,-383052
1763969117.2864354,-384155
1763969117.2870517,-382972
1763969117.3068688,-382922
1763969117.311688,-383416
1763969117.3127224,-383031
1763969117.3240454,-383667
1763969117.3326855,-383842
1763969117.3446407,-382656
1763969117.3461266,-383634
1763969117.351385,-382901
1763969117.351385,-383941
1763969117.3675325,-383777
1763969117.3736398,-383338
1763969117.3812156,-384556
1763969117.3918817,-383227
1763969117.3961508,-383971
1763969117.416784,-384232
1763969117.416784,-383673
1763969117.4415967,-384470
1763969117.4436586,-383559
1763969117.4448645,-384447
1763969117.4529562,-384445
1763969117.4555943,-383329
1763969117.4724922,-384280
1763969117.481317,-384589
1763969117.4832532,-383613
1763969117.484294,-384666
1763969117.5063052,-383695
1763969117.5349455,-383537
1763969117.5360553,-382209
1763969117.5380669,-380011
1763969117.539046,-381361
1763969117.5400457,-378131
1763969117.5416934,-380716
1763969117.5734546,-383664
1763969117.5734546,-383566
1763969117.5734546,-384768
1763969117.5734546,-383986
1763969117.5734546,-385097
1763969117.5945659,-385174
1763969117.5955794,-383889
1763969117.6069005,-385111
1763969117.6069005,-384746
1763969117.6166668,-387124
1763969117.6222618,-384717
1763969117.6335275,-373830
1763969117.644652,-359192
1763969117.6460981,-341146
1763969117.6674106,-339752
1763969117.668157,-360887
1763969117.6715076,-384504
1763969117.676011,-388092
1763969117.6900294,-386278
1763969117.700002,-383227
1763969117.7014005,-383495
1763969117.723678,-382564
1763969117.7252347,-382946
1763969117.737458,-382566
1763969117.738425,-381166
1763969117.7414832,-381939
1763969117.7612345,-380674
1763969117.7654057,-381354
1763969117.772191,-381040
1763969117.773659,-379279
1763969117.7856266,-379916
1763969117.78663,-379726
1763969117.8115733,-377911
1763969117.8164365,-378812
1763969117.817144,-376771
1763969117.8386803,-376925
1763969117.8396475,-375790
1763969117.866386,-374119
1763969117.86742,-374649
1763969117.868593,-373482
1763969117.870617,-373709
1763969117.8836217,-373833
1763969117.9163866,-372747
1763969117.917506,-373363
1763969117.9186509,-372771
1763969117.9206924,-374496
1763969117.9314747,-376116
1763969117.9329374,-376619
1763969117.9344084,-378921
1763969117.935575,-378880
1763969117.9375677,-380973
1763969117.95034,-381616
1763969117.9515903,-380878
1763969117.972671,-381957
1763969117.97626,-382441
1763969117.984374,-381339
1763969117.985393,-382680
1763969118.0045292,-381381
1763969118.0062165,-381962
1763969118.0069463,-381764
1763969118.0219116,-380359
1763969118.0238504,-381484
1763969118.035754,-380072
1763969118.0373943,-381282
1763969118.070243,-381237
1763969118.070243,-380010
1763969118.0717578,-381111
1763969118.0717578,-380395
1763969118.0774515,-381215
1763969118.0897024,-381360
1763969118.0897024,-380233
1763969118.1170197,-381441
1763969118.1181142,-380507
1763969118.1201098,-380692
1763969118.1331992,-381632
1763969118.134801,-380672
1763969118.1419377,-381691
1763969118.1491122,-382179
1763969118.1557066,-381049
1763969118.1624494,-382131
1763969118.1862767,-381072
1763969118.1872914,-381979
1763969118.188277,-382081
1763969118.216426,-381033
1763969118.2181754,-381805
1763969118.2191825,-380924
1763969118.2201686,-381696
1763969118.2437363,-381680
1763969118.2457292,-380876
1763969118.2483706,-381733
1763969118.2720728,-380741
1763969118.2798378,-381675
1763969118.2814012,-381324
1763969118.282005,-380674
1763969118.2856476,-382052
1763969118.287161,-381357
1763969118.3156915,-379044
1763969118.316653,-378916
1763969118.3189428,-376843
1763969118.3219056,-377665
1763969118.326161,-380031
1763969118.3475404,-380612
1763969118.3494847,-381616
1763969118.355644,-381623
1763969118.357425,-382526
1763969118.3676279,-383119
1763969118.371957,-382052
1763969118.3818972,-382861
1763969118.40136,-381843
1763969118.4039543,-383370
1763969118.4050004,-384775
1763969118.4123507,-376563
1763969118.435105,-365650
1763969118.435105,-345771
1763969118.4827356,-337071
1763969118.4827356,-337467
1763969118.4827356,-357130
1763969118.4827356,-384580
1763969118.4886377,-386247
1763969118.4896517,-383121
1763969118.4906485,-381826
1763969118.4921384,-379962
1763969118.5015595,-380883
1763969118.5015595,-381117
1763969118.5348256,-379533
1763969118.5369453,-380036
1763969118.5379462,-379271
1763969118.53895,-379632
1763969118.548598,-379625
1763969118.554881,-378086
1763969118.561694,-378411
1763969118.5833955,-377002
1763969118.5833955,-377865
1763969118.6019034,-377255
1763969118.6122057,-375451
1763969118.648746,-375813
1763969118.648746,-375597
1763969118.6515622,-373906
1763969118.6515622,-374322
1763969118.6515622,-372510
1763969118.660209,-372772
1763969118.660209,-373036
1763969118.6625967,-371874
1763969118.6635854,-372491
1763969118.6708004,-371364
1763969118.6848686,-372409
1763969118.6860301,-373232
1763969118.7051184,-373562
1763969118.7098117,-375782
1763969118.7184126,-376547
1763969118.719442,-378471
1763969118.723704,-379637
1763969118.7316868,-379178
1763969118.7382662,-380773
1763969118.7640245,-379997
1763969118.7657394,-380927
1763969118.7698984,-381219
1763969118.7706368,-380046
1763969118.7860339,-380895
1763969118.7870898,-381142
1763969118.805166,-380045
1763969118.8117354,-380704
1763969118.8127499,-379599
1763969118.8232067,-379989
1763969118.8232067,-380479
1763969118.842005,-379409
1763969118.842005,-380265
1763969118.909571,-379057
1763969118.9115927,-379736
1763969118.9135811,-380357
1763969118.9148624,-379599
1763969118.9158354,-380435
1763969118.9178429,-379843
1763969118.918839,-380581
1763969118.9198318,-381224
1763969118.9213407,-380321
1763969118.941626,-381415
1763969118.9431937,-381666
1763969118.944626,-380319
1763969118.965105,-381341
1763969118.965105,-379966
1763969119.0016844,-381282
1763969119.0037029,-381575
1763969119.004719,-380555
1763969119.004719,-381287
1763969119.0098073,-380507
1763969119.0114586,-381229
1763969119.0127735,-381900
1763969119.0215888,-380613
1763969119.0229805,-381689
1763969119.0385451,-381143
1763969119.039939,-381693
1763969119.064591,-381921
1763969119.0660481,-381084
1763969119.067143,-382023
1763969119.0716865,-380937
1763969119.0781903,-381931
1763969119.1208909,-382034
1763969119.1219935,-380915
1763969119.1236503,-381294
1763969119.124796,-381651
1763969119.1271062,-380140
1763969119.1316934,-380114
1763969119.1322553,-378000
1763969119.1457016,-377109
1763969119.147346,-377354
1763969119.165124,-377502
1763969119.166169,-380351
1763969119.187474,-380036
1763969119.1884766,-381262
1763969119.1900916,-381886
1763969119.211497,-381116
1763969119.2148654,-382502
1763969119.2165196,-381600
1763969119.2178054,-382359
1763969119.2329772,-382467
1763969119.2344556,-383089
1763969119.239105,-382299
1763969119.2555387,-372263
1763969119.2586174,-365247
1763969119.271262,-346993
1763969119.2724519,-332606
1763969119.288139,-341404
1763969119.2897701,-374169
1763969119.314235,-385097
1763969119.3173084,-383645
1763969119.318441,-381444
1763969119.3652246,-380494
1763969119.371264,-380184
1763969119.371264,-379164
1763969119.371264,-380049
1763969119.371264,-378746
1763969119.3776865,-379473
1763969119.3817198,-379337
1763969119.3837602,-377986
1763969119.3847718,-378719
1763969119.396366,-377404
1763969119.3971918,-377416
1763969119.4255128,-376977
1763969119.4265783,-375666
1763969119.4278066,-376166
1763969119.43451,-375532
1763969119.4355333,-373750
1763969119.454605,-374301
1763969119.4606788,-372661
1763969119.465729,-372861
1763969119.4669893,-372564
1763969119.4811127,-371342
1763969119.482906,-371570
1763969119.4914088,-370439
1763969119.5150177,-370968
1763969119.5175745,-370946
1763969119.5175745,-370400
1763969119.5221312,-372167
1763969119.5345635,-372709
1763969119.5360215,-375239
1763969119.5507393,-376805
1763969119.5558991,-376578
1763969119.561504,-378697
1763969119.572591,-377841
1763969119.572591,-379396
1763969119.599762,-379615
1763969119.601497,-378674
1763969119.6045253,-380148
1763969119.6063313,-380324
1763969119.6189566,-379006
1763969119.6326835,-380030
1763969119.6333158,-378929
1763969119.6530483,-379679
1763969119.6553292,-379509
1763969119.6803725,-378589
1763969119.6815386,-379696
1763969119.6815386,-378681
1763969119.703556,-379747
1763969119.7084055,-380373
1763969119.7094145,-379301
1763969119.7114222,-380303
1763969119.7319415,-379211
1763969119.7319415,-380348
1763969119.753539,-380756
1763969119.7598794,-380156
1763969119.7613873,-381147
1763969119.781562,-381691
1763969119.781562,-380572
1763969119.7997384,-381766
1763969119.801248,-380562
1763969119.8022585,-381595
1763969119.8032804,-381785
1763969119.8100464,-380831
1763969119.81134,-381911
1763969119.8130417,-380614
1763969119.8222177,-381639
1763969119.8222177,-382115
1763969119.832054,-381145
1763969119.8415346,-382204
1763969119.864017,-381205
1763969119.865433,-382192
1763969119.8672192,-382186
1763969119.881599,-381434
1763969119.882887,-382214
1763969119.8998806,-381187
1763969119.8998806,-381629
1763969119.9044127,-381321
1763969119.9120667,-378625
1763969119.9367957,-378587
1763969119.9367957,-378198
1763969119.9416885,-377517
1763969119.9499288,-380902
1763969119.9499288,-380691
1763969119.9715967,-382310
1763969119.9747117,-383149
1763969119.987631,-382232
1763969119.9886076,-383379
1763969119.9914951,-382598
1763969120.0111887,-383319
1763969120.0127506,-383197
1763969120.019604,-383450
1763969120.0214322,-385536
1763969120.0417397,-376586
1763969120.0466928,-366288
1763969120.0479574,-347493
1763969120.0717485,-335336
1763969120.0750654,-345509
1763969120.1004493,-361486
1763969120.1018977,-383667
1763969120.1029284,-386877
1763969120.10444,-383997
1763969120.10444,-383269
1763969120.1113605,-381869
1763969120.1159942,-380732
1763969120.1321046,-381612
1763969120.133004,-380511
1763969120.141703,-381332
1763969120.1468148,-381098
1763969120.1686163,-379724
1763969120.1700199,-380463
1763969120.1715295,-378943
1763969120.1845303,-379150
1763969120.1865134,-378919
1763969120.2005355,-377662
1763969120.2018456,-377994
1763969120.2313,-376203
1763969120.232065,-376359
1763969120.2331982,-375411
1763969120.235746,-374046
1763969120.2400203,-374319
1763969120.2539704,-373936
1763969120.2571733,-372211
1763969120.2712874,-372709
1763969120.27249,-371440
1763969120.2869034,-372286
1763969120.2869034,-372151
1763969120.3133295,-371757
1763969120.3154953,-374369
1763969120.3165214,-374541
1763969120.3213665,-376787
1763969120.3285413,-378933
1763969120.3412492,-379267
1763969120.3425894,-381315
1763969120.354638,-381204
1763969120.354638,-382609
1763969120.3830693,-383175
1763969120.4040043,-382144
1763969120.409721,-383627
1763969120.4324954,-381931
1763969120.4324954,-382085
1763969120.4324954,-383230
1763969120.4324954,-381889
1763969120.4533863,-382861
1763969120.469813,-382378
1763969120.471524,-381138
1763969120.471524,-381809
1763969120.4731205,-380981
1763969120.4843748,-382142
1763969120.485397,-381921
1763969120.485397,-381135
1763969120.485397,-382552
1763969120.485397,-381677
1763969120.5142064,-382731
1763969120.5161507,-382577
1763969120.5202458,-381997
1763969120.5220208,-383522
1763969120.5416634,-382057
1763969120.545007,-383384
1763969120.5463235,-383531
1763969120.5512266,-383016
1763969120.56119,-383546
1763969120.5736487,-383444
1763969120.5780861,-382794
1763969120.602947,-384234
1763969120.602947,-383146
1763969120.602947,-383401
1763969120.602947,-382527
1763969120.6143255,-380439
1763969120.632682,-381206
1763969120.633803,-378556
1763969120.6418557,-381196
1763969120.646697,-383339
1763969120.6699083,-383422
1763969120.6714067,-385064
1763969120.6721394,-383691
1763969120.6855195,-385507
1763969120.6877837,-385384
1763969120.6998603,-384669
1763969120.7013779,-385756
1763969120.71575,-384608
1763969120.7178571,-387666
1763969120.7366626,-387499
1763969120.7413282,-378679
1763969120.742355,-368561
1763969120.7538207,-349903
1763969120.7538207,-337636
1763969120.7828581,-346874
1763969120.7843783,-377792
1763969120.7853985,-388601
1763969120.7873933,-387307
1763969120.8141701,-385136
1763969120.853166,-384109
1763969120.853166,-382360
1763969120.853166,-383729
1763969120.853166,-383445
1763969120.8595655,-382503
1763969120.8606405,-383188
1763969120.8621354,-381231
1763969120.8651505,-382152
1763969120.8677385,-381882
1763969120.881085,-380749
1763969120.882624,-381021
1763969120.8917632,-380732
1763969120.897818,-379384
1763969120.9019203,-379824
1763969120.9129126,-378186
1763969120.9366012,-378303
1763969120.9377732,-377412
1763969120.9388173,-375927
1763969120.9501412,-375967
1763969120.9516523,-373545
1763969120.96571,-374350
1763969120.9678197,-374104
1763969120.980559,-372966
1763969120.9819217,-373601
1763969120.9914865,-372925
1763969121.0032887,-374671
1763969121.0060737,-376122
1763969121.0365613,-376913
1763969121.0417073,-380042
1763969121.0479383,-380517
1763969121.0499475,-382664
1763969121.065063,-383337
1763969121.0659077,-382419
1763969121.0680058,-384032
1763969121.074385,-384456
1763969121.0793767,-383544
1763969121.0917494,-384597
1763969121.0959513,-383906
1763969121.1238492,-384716
1763969121.1261306,-384382
1763969121.1281285,-383408
1763969121.13068,-383710
1763969121.1321673,-382812
1763969121.1535294,-383847
1763969121.1568637,-383324
1763969121.1914876,-382326
1763969121.1948724,-383464
1763969121.1962924,-382364
1763969121.2489252,-383101
1763969121.2499242,-382873
1763969121.251438,-382577
1763969121.2524517,-383463
1763969121.2544544,-383059
1763969121.255467,-382110
1763969121.2564673,-383462
1763969121.257468,-382678
1763969121.2584684,-383764
1763969121.2594674,-383729
1763969121.2614799,-383244
1763969121.2757723,-384004
1763969121.2767668,-383185
1763969121.2846744,-384232
1763969121.2936213,-384251
1763969121.297099,-383385
1763969121.3117125,-384175
1763969121.3134136,-383674
1763969121.3356187,-383316
1763969121.3390918,-381099
1763969121.3390918,-380967
1763969121.3401108,-380912
1763969121.3589683,-379571
1763969121.3600042,-383033
1763969121.3653355,-384817
1763969121.3821542,-384092
1763969121.3827136,-385546
1763969121.395045,-385644
1763969121.3966477,-385007
1763969121.4016726,-385844
1763969121.4016726,-384931
1763969121.421605,-386053
1763969121.4316695,-386327
1763969121.4397628,-387230
1763969121.452315,-382546
1763969121.452315,-371294
1763969121.471517,-354446
1763969121.4732833,-337686
1763969121.481773,-341608
1763969121.4828434,-371685
1763969121.4873636,-387293
1763969121.5148804,-387845
1763969121.5158846,-386131
1763969121.5339549,-383574
1763969121.541333,-383710
1763969121.5423474,-382732
1763969121.5433476,-382690
1763969121.5784755,-382881
1763969121.5784755,-381488
1763969121.5812893,-382550
1763969121.5812893,-382214
1763969121.5845845,-381112
1763969121.5918262,-381304
1763969121.5966475,-379894
1763969121.6072896,-380553
1763969121.608459,-379776
1763969121.6157,-378684
1763969121.6305246,-378681
1763969121.6316602,-376646
1763969121.6519754,-377067
1763969121.6571748,-376034
1763969121.6594653,-374348
1763969121.6604393,-374788
1763969121.6916535,-372963
1763969121.6948907,-373788
1763969121.6964297,-373568
1763969121.6999762,-372773
1763969121.70223,-373524
1763969121.7118695,-373633
1763969121.7200797,-373559
1763969121.7313628,-375976
1763969121.7337832,-376500
1763969121.734822,-378723
1763969121.7547972,-380187
1763969121.7547972,-380714
1763969121.7714496,-382314
1763969121.7729695,-381222
1763969121.7843943,-382331
1763969121.7884417,-382484
1763969121.8100646,-381921
1763969121.8113,-382647
1763969121.8132813,-381331
1763969121.8215053,-382245
1763969121.8272443,-382167
1763969121.8415868,-380959
1763969121.8439856,-381441
1763969121.8513153,-380001
1763969121.8558867,-380552
1763969121.8672361,-380864
1763969121.891433,-379368
1763969121.8951104,-380228
1763969121.9504983,-380592
1763969121.9515443,-379949
1763969121.9515443,-380892
1763969121.9515443,-379724
1763969121.96136,-380747
1763969121.9644322,-380751
1763969121.9699755,-380344
1763969121.9715555,-381400
1763969121.973569,-380631
1763969121.9744637,-381726
1763969121.9773486,-381521
1763969121.9780474,-380956
1763969121.9818707,-381831
1763969122.0015876,-380536
1763969122.008684,-381903
1763969122.00973,-381751
1763969122.0299585,-380946
1763969122.0299585,-381731
1763969122.034533,-381734
1763969122.035535,-381204
1763969122.0480857,-382106
1763969122.0615425,-381144
1763969122.0615425,-381996
1763969122.0781274,-382234
1763969122.0796993,-381194
1763969122.0975246,-382171
1763969122.0985048,-380726
1763969122.101723,-381402
1763969122.111191,-380741
1763969122.1164763,-379722
1763969122.1359198,-378467
1763969122.138426,-376114
1763969122.149835,-378392
1763969122.1514673,-379850
1763969122.16139,-380372
1763969122.16139,-381769
1763969122.1846607,-381862
1763969122.1846607,-382321
1763969122.1846607,-382789
1763969122.1998556,-381712
1763969122.201172,-382916
1763969122.2243705,-383004
1763969122.2262118,-382376
1763969122.2313704,-384349
1763969122.2339625,-382032
1763969122.2606156,-373697
1763969122.284476,-358273
1763969122.28706,-338581
1763969122.3216314,-335664
1763969122.3216314,-351229
1763969122.3498755,-383156
1763969122.3522713,-386044
1763969122.3522713,-382930
1763969122.3522713,-382189
1763969122.3588965,-379897
1763969122.3599045,-380791
1763969122.361576,-380864
1763969122.3627977,-379926
1763969122.364309,-380551
1763969122.366215,-379027
1763969122.3674574,-379430
1763969122.368458,-380134
1763969122.3778965,-378086
1763969122.382325,-378477
1763969122.3944652,-378279
1763969122.3944652,-377149
1763969122.410297,-377522
1763969122.4114506,-375804
1763969122.4253047,-376326
1763969122.4313128,-375787
1763969122.4514282,-373951
1763969122.4527674,-374457
1763969122.4537792,-372574
1763969122.4673984,-372671
1763969122.4689572,-372189
1763969122.481402,-370896
1763969122.482543,-371329
1763969122.4876964,-370407
1763969122.5014277,-371217
1763969122.507449,-372238
1763969122.5216498,-371627
1763969122.5231233,-373920
1763969122.5352309,-375531
1763969122.5352309,-375994
1763969122.5479133,-378197
1763969122.57175,-378157
1763969122.5749724,-379557
1763969122.5759969,-380031
1763969122.5780177,-379580
1763969122.593648,-380659
1763969122.5943444,-379678
1763969122.6176252,-380338
1763969122.6201515,-380292
1763969122.621614,-379290
1763969122.6443703,-379771
1763969122.646357,-378419
1763969122.6686413,-379420
1763969122.671423,-379167
1763969122.672433,-378353
1763969122.673436,-379147
1763969122.6848652,-378229
1763969122.6934521,-378549
1763969122.6942692,-379460
1763969122.6942692,-378345
1763969122.7016017,-379348
1763969122.715634,-379130
1763969122.716651,-378761
1763969122.7298102,-379675
1763969122.7313187,-378546
1763969122.7412467,-379906
1763969122.753721,-380209
1763969122.753721,-379433
1763969122.779371,-380031
1763969122.7813876,-379207
1763969122.78471,-380229
1763969122.7862506,-380094
1763969122.811291,-379543
1763969122.8130188,-380079
1763969122.815067,-378630
1763969122.8278842,-379483
1763969122.8304682,-379916
1763969122.8414645,-378967
1763969122.8440616,-379483
1763969122.8540614,-379891
1763969122.857243,-378512
1763969122.8645055,-379785
1763969122.8858142,-378744
1763969122.894235,-379792
1763969122.8965893,-379368
1763969122.8977299,-378722
1763969122.9099548,-379513
1763969122.9131536,-378404
1763969122.934495,-379163
1763969122.9399009,-379206
1763969122.9414413,-377567
1763969122.9614408,-378037
1763969122.9614408,-376269
1763969122.9614408,-374212
1763969122.9614408,-374826
1763969122.9914804,-375967
1763969122.994214,-378624
1763969122.994214,-377643
1763969123.0186203,-379127
1763969123.0203004,-379747
1763969123.0415413,-378599
1763969123.0437915,-380216
1763969123.0468128,-379637
1763969123.048609,-378896
1763969123.0615335,-380337
1763969123.0626338,-379759
1763969123.0646467,-382754
1763969123.0777967,-377156
1763969123.0793138,-365643
1763969123.0852542,-347521
1763969123.0924597,-330493
1763969123.1162226,-336880
1763969123.1175215,-366703
1763969123.1185539,-383236
1763969123.1304362,-382722
1763969123.131438,-379970
1763969123.1456943,-379531
1763969123.1474438,-379222
1763969123.1598408,-379124
1763969123.161648,-379033
1763969123.167636,-378674
1763969123.193808,-377989
1763969123.1954603,-378984
1763969123.2012541,-377356
1763969123.2037375,-378342
1763969123.2174418,-377834
1763969123.2223537,-376346
1763969123.230512,-377231
1763969123.2315245,-375619
1763969123.2351735,-375607
1763969123.2524664,-375546
1763969123.2579818,-374646
1763969123.2714515,-374858
1763969123.2724745,-372810
1763969123.2850368,-373106
1763969123.2859926,-372606
1763969123.2953272,-371457
1763969123.3132899,-372099
1763969123.3148181,-370519
1763969123.3516946,-371032
1763969123.3516946,-371332
1763969123.3516946,-370637
1763969123.3516946,-372462
1763969123.3790517,-373865
1763969123.3816175,-374520
1763969123.3816175,-377173
1763969123.4019485,-376853
1763969123.4060545,-379470
1763969123.412653,-379834
1763969123.413666,-379898
1763969123.4156828,-381143
1763969123.4166768,-379763
1763969123.4192715,-381349
1763969123.4343376,-381187
1763969123.439844,-380572
1763969123.4518776,-381291
1763969123.4518776,-379861
1763969123.5268393,-380836
1763969123.5344384,-380207
1763969123.536453,-379673
1763969123.5384727,-380540
1763969123.5414855,-379090
1763969123.543126,-379923
1763969123.544859,-380540
1763969123.544859,-379172
1763969123.5543385,-380459
1763969123.5631166,-380467
1763969123.5656714,-380159
1763969123.5676837,-381484
1763969123.5721037,-379963
1763969123.5731325,-380722
1763969123.5960197,-381203
1763969123.5965655,-380805
1763969123.6086676,-381526
1763969123.6086676,-380433
1763969123.611705,-381482
1763969123.612727,-381592
1763969123.6161594,-380886
1763969123.6329637,-381845
1763969123.638041,-380552
1763969123.6432157,-382109
1763969123.6432157,-381619
1763969123.6672976,-381129
1763969123.6694996,-382141
1763969123.670515,-381726
1763969123.6845868,-381132
1763969123.6860473,-382011
1763969123.7435434,-380785
1763969123.7435434,-381915
1763969123.766401,-381292
1763969123.7720869,-379432
1763969123.783654,-378991
1763969123.7850106,-376097
1763969123.7850106,-378041
1763969123.7850106,-379125
1763969123.789039,-380315
1763969123.791603,-381745
1763969123.7926176,-381216
1763969123.7954934,-382556
1763969123.7968798,-383021
1763969123.8174028,-382424
1763969123.8190546,-382798
1763969123.8200688,-382124
1763969123.824621,-382827
1763969123.8258178,-383637
1763969123.8485067,-384021
1763969123.8496418,-379044
1763969123.864169,-367588
1763969123.8658125,-348960
1763969123.8674119,-335003
1763969123.8815055,-339874
1763969123.8841724,-372531
1763969123.895874,-385901
1763969123.8974662,-384255
1763969123.9103272,-383986
1763969123.9117522,-380580
1763969123.9215143,-381192
1763969123.9347217,-381403
1763969123.9361205,-380333
1763969123.9604073,-380537
1763969123.963482,-379113
1763969123.9645097,-380548
1763969123.9663923,-380397
1763969123.9924834,-379151
1763969123.9955118,-379276
1763969123.9965155,-378279
1763969124.0104222,-377548
1763969124.0114465,-378038
1763969124.0254734,-376458
1763969124.026509,-376727
1763969124.0315468,-375906
1763969124.0374212,-374986
1763969124.044562,-375232
1763969124.071768,-372912
1763969124.0747576,-373586
1763969124.0767922,-373142
1763969124.077792,-372190
1763969124.094921,-372467
1763969124.1013887,-371298
1763969124.1216118,-372265
1763969124.1275902,-372857
1763969124.128356,-373412
1763969124.1490695,-376042
1763969124.150982,-376659
1763969124.1550214,-379324
1763969124.1575637,-380218
1763969124.1599443,-379242
1763969124.161474,-381441
1763969124.171239,-382141
1763969124.185243,-381921
1763969124.185243,-382773
1763969124.200073,-381441
1763969124.2023807,-382579
1763969124.2672832,-382632
1763969124.2672832,-382372
1763969124.2693188,-382522
1763969124.272187,-381007
1763969124.2791767,-382599
1763969124.2848706,-381751
1763969124.2889018,-380530
1763969124.2899384,-381737
1763969124.2914486,-380660
1763969124.2924623,-382201
1763969124.2951212,-381819
1763969124.2968833,-381133
1763969124.3125985,-382278
1763969124.3135972,-382080
1763969124.32648,-381487
1763969124.3277984,-381720
1763969124.333727,-380318
1763969124.3413622,-382013
1763969124.3514414,-381678
1763969124.3570986,-381172
1763969124.3634465,-382119
1763969124.383685,-381099
1763969124.389714,-382331
1763969124.394969,-382444
1763969124.3967028,-381479
1763969124.417761,-382480
1763969124.4194868,-380942
1763969124.4204946,-382611
1763969124.4335296,-382447
1763969124.4357271,-381801
1763969124.4624817,-382795
1763969124.4634838,-381860
1763969124.4659057,-383206
1763969124.4669166,-382969
1763969124.4993424,-382080
1763969124.5015452,-382905
1763969124.5015452,-381819
1763969124.5214818,-379717
1763969124.523386,-379084
1763969124.5266767,-378470
1763969124.528544,-381086
1763969124.5358405,-382962
1763969124.5426762,-382909
1763969124.5664246,-384854
1763969124.5686443,-383432
1763969124.5702953,-385047
1763969124.5751867,-385060
1763969124.5758576,-384378
1763969124.5836616,-385237
1763969124.5910265,-384402
1763969124.6145325,-387261
1763969124.6163182,-383834
1763969124.6171052,-373832
1763969124.6297307,-357496
1763969124.6322773,-337707
1763969124.6463583,-336494
1763969124.6469276,-346141
1763969124.6716173,-377927
1763969124.673428,-388650
1763969124.6761646,-386618
1763969124.6814861,-384866
1763969124.6899433,-384151
1763969124.7012289,-382084
1763969124.7020996,-383119
1763969124.7145603,-383105
1763969124.7163763,-382195
1763969124.758615,-382427
1763969124.7593133,-381321
1763969124.7613466,-381756
1763969124.7613466,-381041
1763969124.7639794,-380660
1763969124.7699397,-381129
1763969124.772692,-378974
1763969124.7927744,-379054
1763969124.7927744,-378691
1763969124.7927744,-377689
1763969124.832449,-378032
1763969124.832449,-377125
1763969124.832449,-375822
1763969124.832449,-375866
1763969124.8616714,-373875
1763969124.8651185,-374189
1763969124.895421,-374049
1763969124.896371,-373096
1763969124.8983798,-373438
1763969124.9212863,-372372
1763969124.9221737,-374184
1763969124.9256809,-375309
1763969124.926687,-376037
1763969124.931307,-378631
1763969124.9330997,-378571
1763969124.9356556,-380714
1763969124.938615,-381391
1763969124.939919,-381407
1763969124.951547,-382480
1763969124.951547,-381409
1763969124.9655561,-381969
1763969124.9672313,-382139
1763969124.992376,-380509
1763969124.992376,-381959
1763969124.992376,-381649
1763969125.0044897,-380307
1763969125.0054975,-380881
1763969125.0258048,-379229
1763969125.031491,-380110
1763969125.0369072,-379784
1763969125.0394535,-379161
1763969125.0445924,-379971
1763969125.0622683,-378426
1763969125.0632784,-379464
1763969125.0783222,-379198
1763969125.0793118,-379174
1763969125.0928235,-380164
1763969125.0954237,-378676
1763969125.1326752,-380007
1763969125.1326752,-380177
1763969125.1326752,-380274
1763969125.1326752,-380774
1763969125.1391916,-380649
1763969125.1483297,-380188
1763969125.1493015,-381111
1763969125.1625435,-379947
1763969125.1635692,-380781
1763969125.1828594,-381089
1763969125.1899157,-380884
1763969125.192054,-381388
1763969125.214825,-379851
1763969125.2154903,-381104
1763969125.2321577,-381412
1763969125.2413573,-380807
1763969125.2599003,-381466
1763969125.2614253,-379881
1763969125.26247,-381156
1763969125.2634647,-381042
1763969125.26483,-380571
1763969125.271377,-381574
1763969125.2735915,-380317
1763969125.2818546,-381401
1763969125.2818546,-381433
1763969125.295161,-379967
1763969125.3129246,-380656
1763969125.3129246,-379695
1763969125.3254702,-379286
1763969125.3272223,-378341
1763969125.3324583,-374858
1763969125.3416457,-376890
1763969125.3647425,-378214
1763969125.3661132,-379324
1763969125.3670588,-380480
1763969125.3805714,-379841
1763969125.3815842,-380900
1763969125.394416,-381469
1763969125.396434,-380745
1763969125.4156637,-381583
1763969125.419899,-380431
1763969125.4212582,-382272
1763969125.4421852,-383317
1763969125.445893,-377596
1763969125.4499614,-367905
1763969125.4515219,-359189
1763969125.47162,-339573
1763969125.4751542,-333371
1763969125.498226,-345707
1763969125.4998987,-380368
1763969125.501267,-385115
1763969125.5215516,-381779
1763969125.5244443,-380680
1763969125.529795,-377581
1763969125.531007,-378998
1763969125.5325315,-378556
1763969125.5367806,-377610
1763969125.5644624,-378012
1763969125.5664828,-376312
1763969125.5664828,-377241
1763969125.5817347,-376773
1763969125.5903783,-375564
1763969125.613581,-375924
1763969125.614571,-374057
1763969125.6312356,-374984
1763969125.6320171,-374253
1763969125.6339693,-372791
1763969125.6372888,-373405
1763969125.638979,-372964
1763969125.645979,-371536
1763969125.6473274,-371439
1763969125.6588695,-369491
1763969125.6612694,-369919
1763969125.6659918,-369135
1763969125.682312,-368131
1763969125.682312,-368808
1763969125.699465,-367145
1763969125.7016153,-368464
1763969125.7214665,-369241
1763969125.7238052,-369736
1763969125.729051,-371437
1763969125.7317247,-371967
1763969125.7556403,-374448
1763969125.7600868,-375264
1763969125.763651,-375749
1763969125.7947118,-377021
1763969125.795713,-375725
1763969125.7967181,-376297
1763969125.7977128,-377066
1763969125.8205383,-375613
1763969125.821539,-377046
1763969125.824789,-376939
1763969125.826355,-376196
1763969125.8283677,-376599
1763969125.8445342,-375349
1763969125.8457265,-376011
1763969125.8539855,-376274
1763969125.8551064,-375692
1763969125.865507,-376342
1763969125.8789577,-375252
1763969125.8800526,-376249
1763969125.9015174,-376110
1763969125.9043734,-375572
1763969125.9315913,-376617
1763969125.9315913,-375482
1763969125.9583063,-376565
1763969125.9825904,-376676
1763969125.9869564,-376351
1763969125.9879708,-376825
1763969125.9899735,-376801
1763969125.9914904,-376245
1763969125.9940546,-377442
1763969125.9960935,-376170
1763969125.997102,-376852
1763969126.004767,-377296
1763969126.0061803,-377018
1763969126.0068173,-377590
1763969126.0170162,-376777
1763969126.0212922,-377995
1763969126.0455883,-377965
1763969126.0467448,-377371
1763969126.0478828,-378445
1763969126.0680315,-377071
1763969126.0691578,-377851
1763969126.0746503,-378140
1763969126.0764737,-377749
1763969126.097393,-378621
1763969126.0987785,-377287
1763969126.1144989,-378113
1763969126.1155055,-378767
1763969126.1155055,-377814
1763969126.1513746,-379164
1763969126.1513746,-378566
1763969126.1513746,-377792
1763969126.1513746,-377954
1763969126.1626422,-375673
1763969126.1626422,-374058
1763969126.1962845,-375141
1763969126.197269,-375771
1763969126.1982625,-378535
1763969126.1982625,-377825
1763969126.20198,-379205
1763969126.211626,-379586
1763969126.2172425,-379808
1763969126.2298071,-380774
1763969126.2313144,-379374
1763969126.2604504,-380439
1763969126.2624938,-380678
1763969126.263507,-382135
1763969126.2834792,-379171
1763969126.2882354,-373872
1763969126.289245,-360189
1763969126.2910538,-341516
1763969126.3143897,-331569
1763969126.3619244,-342314
1763969126.3619244,-375873
1763969126.3619244,-383471
1763969126.3712232,-381989
1763969126.372289,-379298
1763969126.373263,-379151
1763969126.3756964,-378744
1763969126.3756964,-378252
1763969126.3756964,-378138
1763969126.381477,-377102
1763969126.381477,-378639
1763969126.4043539,-378051
1763969126.4064507,-377152
1763969126.4114025,-377424
1763969126.4136467,-375413
1763969126.418661,-376528
1763969126.4320633,-375802
1763969126.441482,-374631
1763969126.451429,-375524
1763969126.4524708,-374687
1763969126.4652393,-373664
1763969126.4698055,-373802
1763969126.484022,-371738
1763969126.484022,-372647
1763969126.484022,-371223
1763969126.5018778,-370359
1763969126.5060055,-370961
1763969126.5284996,-369495
1763969126.5314097,-370459
1763969126.5366428,-370509
1763969126.539615,-370510
1763969126.544327,-372331
1763969126.565079,-372265
1763969126.568223,-375045
1763969126.5747733,-376201
1763969126.578123,-377283
1763969126.5915043,-378666
1763969126.5937154,-378531
1763969126.6015909,-378894
1763969126.6060197,-379838
1763969126.6115334,-378689
1763969126.6312869,-379953
1763969126.6336193,-379541
1763969126.6651626,-378953
1763969126.6651626,-380242
1763969126.6714072,-378519
1763969126.6714072,-379041
1763969126.6979723,-379199
1763969126.6994045,-378464
1763969126.6999578,-378982
1763969126.7315545,-378059
1763969126.7385726,-379243
1763969126.7444086,-378872
1763969126.7473156,-378488
1763969126.7493303,-379711
1763969126.7503324,-378733
1763969126.7512789,-380089
1763969126.7577095,-380056
1763969126.7577095,-379332
1763969126.7846806,-380525
1763969126.7868392,-380402
1763969126.8016472,-380257
1763969126.8058972,-381229
1763969126.8073268,-379881
1763969126.8112895,-380793
1763969126.8135514,-381033
1763969126.8242035,-381248
1763969126.8268712,-382006
1763969126.848278,-380426
1763969126.8508918,-381557
1763969126.8732677,-381661
1763969126.8753593,-381181
1763969126.8783634,-382067
1763969126.879916,-380253
1763969126.8970482,-381599
1763969126.8987644,-381472
1763969126.900605,-380653
1763969126.911306,-380801
1763969126.9137397,-378029
1763969126.91617,-377433
1763969126.9412305,-377997
1763969126.9412305,-377461
1763969126.9513388,-380507
1763969126.9525716,-381479
1763969126.9650922,-382091
1763969126.9650922,-383501
1763969126.9844286,-381984
1763969126.9874246,-383605
1763969126.9904397,-383269
1763969127.0077095,-383137
1763969127.009593,-383798
1763969127.0316699,-383136
1763969127.0333707,-385535
1763969127.059594,-378110
1763969127.0606096,-365500
1763969127.0845478,-346748
1763969127.0922081,-333861
1763969127.0939865,-343417
1763969127.0949976,-376285
1763969127.0960166,-385634
1763969127.0977325,-385953
1763969127.0990262,-384368
1763969127.1146388,-382131
1763969127.118471,-381015
1763969127.1205046,-379810
1763969127.1318371,-381471
1763969127.1318371,-380735
1763969127.1458776,-379814
1763969127.1467583,-380566
1763969127.1662729,-379240
1763969127.1697803,-379966
1763969127.1713214,-379321
1763969127.1847515,-378582
1763969127.1859756,-378922
1763969127.207393,-376486
1763969127.207393,-377222
1763969127.2117424,-376961
1763969127.2162688,-375738
1763969127.2398252,-375927
1763969127.2416065,-373762
1763969127.2433124,-374451
1763969127.257654,-374523
1763969127.2604332,-372156
1763969127.2652109,-373137
1763969127.2710965,-372460
1763969127.2867296,-371912
1763969127.288498,-372390
1763969127.2943976,-371973
1763969127.3113205,-373743
1763969127.3138633,-375184
1763969127.3470411,-376742
1763969127.3470411,-378725
1763969127.351549,-378504
1763969127.351549,-380762
1763969127.3552005,-381431
1763969127.3568268,-381404
1763969127.3618782,-382687
1763969127.3904383,-381429
1763969127.3944244,-382719
1763969127.4262598,-382525
1763969127.4272308,-382388
1763969127.4282563,-382754
1763969127.4302409,-382246
1763969127.4480803,-381978
1763969127.4773505,-382391
1763969127.478362,-380654
1763969127.4793522,-381953
1763969127.4806857,-381945
1763969127.501238,-381352
1763969127.5067184,-381534
1763969127.50815,-380202
1763969127.5101662,-382102
1763969127.5101662,-381904
1763969127.5125525,-381999
1763969127.5135615,-382181
1763969127.5231416,-381141
1763969127.5247905,-382432
1763969127.5314891,-382018
1763969127.5404184,-381654
1763969127.544731,-382576
1763969127.5636327,-381547
1763969127.5697932,-383109
1763969127.5757554,-382626
1763969127.5784266,-381600
1763969127.6007233,-382802
1763969127.6018,-382199
1763969127.6145508,-382179
1763969127.6145508,-382899
1763969127.6145508,-381499
1763969127.6417165,-382915
1763969127.643789,-382623
1763969127.6458552,-382363
1763969127.6468573,-382707
1763969127.6624508,-380676
1763969127.6629796,-381684
1763969127.67128,-379241
1763969127.6875582,-377179
1763969127.688839,-378895
1763969127.6943808,-378902
1763969127.7021248,-381641
1763969127.7148745,-381941
1763969127.7148745,-382717
1763969127.7420611,-383315
1763969127.743072,-382075
1763969127.745611,-382301
1763969127.7645335,-382712
1763969127.769699,-382316
1763969127.8024375,-383077
1763969127.8058572,-383574
1763969127.806577,-383192
1763969127.8092299,-375510
1763969127.8284693,-360399
1763969127.8315141,-342293
1763969127.8372056,-334829
1763969127.841617,-346504
1763969127.8444297,-379497
1763969127.845456,-385421
1763969127.8464682,-384516
1763969127.8515096,-383520
1763969127.8564115,-381834
1763969127.862433,-381900
1763969127.8805842,-380448
1763969127.881782,-381415
1763969127.8973472,-381134
1763969127.898702,-380173
1763969127.9097247,-380784
1763969127.912245,-380028
1763969127.923753,-379290
1763969127.9317346,-379827
1763969127.9374442,-377887
1763969127.9498518,-378486
1763969127.9498518,-377838
1763969127.9634418,-377052
1763969127.969822,-377566
1763969127.9897358,-375352
1763969127.9906833,-375810
1763969127.99273,-374431
1763969128.0134623,-373828
1763969128.0161521,-373857
1763969128.0253365,-372348
1763969128.0263526,-372892
1763969128.0313504,-372397
1763969128.0384526,-371992
1763969128.0794437,-372442
1763969128.080557,-372117
1763969128.081633,-373693
1763969128.087941,-375832
1763969128.0898697,-375668
1763969128.091539,-377787
1763969128.092572,-378829
1763969128.1058176,-379397
1763969128.1065629,-380662
1763969128.1115494,-379915
1763969128.140195,-381500
1763969128.1417074,-381523
1763969128.1639826,-380686
1763969128.1639826,-381396
1763969128.1639826,-380223
1763969128.1683426,-381282
1763969128.2344205,-381149
1763969128.2344205,-380289
1763969128.2344205,-380669
1763969128.2388024,-379408
1763969128.2394264,-380478
1763969128.2414477,-380090
1763969128.2414477,-379591
1763969128.2414477,-380512
1763969128.2414477,-380960
1763969128.2479138,-379922
1763969128.2615712,-380711
1763969128.2645316,-380189
1763969128.2696612,-381078
1763969128.2709363,-381225
1763969128.2931576,-380855
1763969128.2937043,-381613
1763969128.294895,-380432
1763969128.3089266,-381664
1763969128.3104036,-381693
1763969128.3252823,-381336
1763969128.3252823,-382122
1763969128.351569,-380947
1763969128.3554418,-381985
1763969128.361738,-381942
1763969128.3670943,-381612
1763969128.3681037,-382341
1763969128.3796065,-380877
1763969128.381771,-382298
1763969128.395477,-382414
1763969128.3972113,-380845
1763969128.4096105,-382034
1763969128.4109602,-382180
1763969128.4246328,-381613
1763969128.431371,-381976
1763969128.4385943,-380793
1763969128.457155,-381587
1763969128.4581773,-381201
1763969128.4627423,-381036
1763969128.4719808,-381014
1763969128.4778955,-378918
1763969128.4815977,-378541
1763969128.5100713,-376271
1763969128.5116055,-376226
1763969128.51263,-379205
1763969128.5347495,-379749
1763969128.5392323,-381049
1763969128.5884523,-381911
1763969128.5892308,-381233
1763969128.5892308,-382501
1763969128.5912879,-382057
1763969128.5912879,-381488
1763969128.5946543,-382062
1763969128.5956924,-380471
1763969128.5966706,-383516
1763969128.5986657,-382226
1763969128.60613,-372169
1763969128.60613,-357838
1763969128.6135988,-337694
1763969128.6250794,-335766
1763969128.6311738,-351437
1763969128.6464193,-380573
1763969128.6514423,-385059
1763969128.672871,-381964
1763969128.672871,-381571
1763969128.672871,-379597
1763969128.7018776,-379499
1763969128.706467,-380229
1763969128.7077098,-378055
1763969128.7087317,-379212
1763969128.7300608,-378656
1763969128.7325885,-377594
1763969128.73955,-379043
1763969128.7415657,-378122
1763969128.7437153,-376536
1763969128.7544947,-377362
1763969128.755507,-376331
1763969128.7785559,-376190
1763969128.7799084,-375371
1763969128.7852352,-374764
1763969128.7875326,-374490
1763969128.7919254,-372707
1763969128.8135684,-373266
1763969128.8197749,-372469
1763969128.8246937,-371268
1763969128.8281994,-371191
1763969128.8394997,-369580
1763969128.8422272,-371086
1763969128.8628426,-370746
1763969128.866905,-369913
1763969128.869183,-371716
1763969128.891402,-371858
1763969128.891402,-373098
1763969128.891402,-374618
1763969128.891402,-374905
1763969128.9247692,-376754
1763969128.926054,-376669
1763969128.928065,-377837
1763969128.9314263,-380301
1763969128.9362063,-378797
1763969128.9414487,-380091
1763969128.9514356,-379148
1763969128.9639516,-378898
1763969128.9639516,-379567
1763969129.0060728,-377955
1763969129.0060728,-379458
1763969129.0060728,-378641
1763969129.0060728,-375977
1763969129.0124135,-377801
1763969129.0169003,-378076
1763969129.0221446,-380562
1763969129.0392761,-379601
1763969129.0392761,-378642
1763969129.044208,-378970
1763969129.0590634,-378700
1763969129.06054,-378959
1763969129.0814197,-378337
1763969129.083379,-378422
1763969129.092591,-380967
1763969129.0935795,-380182
1763969129.1289988,-380543
1763969129.1319466,-380785
1763969129.1319466,-379131
1763969129.1319466,-380582
1763969129.1363127,-380279
1763969129.1425052,-381435
1763969129.1457837,-381012
1763969129.1628594,-379764
1763969129.1651187,-382295
1763969129.1721609,-381136
1763969129.18173,-381191
1763969129.1871047,-382641
1763969129.201293,-380981
1763969129.202182,-381873
1763969129.231501,-381691
1763969129.2331185,-381224
1763969129.2589593,-383297
1763969129.259972,-381896
1763969129.2616065,-382406
1763969129.2819202,-382560
1763969129.284904,-381001
1763969129.3011994,-381769
1763969129.3011994,-380717
1763969129.3047965,-379852
1763969129.3054147,-378164
1763969129.3069947,-377984
1763969129.3089888,-380996
1763969129.3100014,-381333
1763969129.3615606,-382319
1763969129.3642585,-383199
1763969129.3642585,-381711
1763969129.3642585,-385326
1763969129.3689559,-384005
1763969129.3699749,-384274
1763969129.3699749,-384952
1763969129.3797927,-384380
1763969129.381464,-384782
1763969129.3946834,-382847
1763969129.3953047,-373634
1763969129.412224,-359941
1763969129.4143732,-340035
1763969129.4236417,-336437
1763969129.4318335,-354610
1763969129.4385567,-382623
1763969129.451741,-386872
1763969129.453512,-385436
1763969129.4615955,-384369
1763969129.4698117,-382708
1763969129.4957354,-381115
1763969129.4957354,-381742
1763969129.4957354,-381489
1763969129.5075805,-380575
1763969129.508586,-381294
1763969129.5212004,-380481
1763969129.5238817,-380843
1763969129.5315297,-380954
1763969129.5384572,-379181
1763969129.5613353,-379727
1763969129.5655413,-379152
1763969129.566544,-378112
1763969129.5768952,-377824
1763969129.5788693,-377224
1763969129.6097267,-377352
1763969129.6122642,-376265
1763969129.6316733,-374774
1763969129.6385746,-375377
1763969129.6398318,-373847
1763969129.6513965,-373543
1763969129.6537588,-374562
1763969129.6570504,-373804
1763969129.6583412,-373277
1763969129.6583412,-373884
1763969129.6612737,-374755
1763969129.6815004,-375613
1763969129.6874044,-376076
1763969129.689333,-377924
1763969129.694295,-378723
1763969129.7013268,-381441
1763969129.7156005,-381519
1763969129.7156005,-382908
1763969129.7413294,-382880
1763969129.7423406,-384187
1763969129.7433448,-382334
1763969129.755289,-382677
1763969129.7581022,-382494
1763969129.762336,-383354
1763969129.771415,-384059
1763969129.7817357,-382196
1763969129.7870696,-382606
1763969129.7927294,-382861
1763969129.8179662,-381798
1763969129.8196568,-382856
1763969129.8272715,-381287
1763969129.8292675,-380785
1763969129.8415716,-383146
1763969129.8457325,-382387
1763969129.8618836,-382075
1763969129.8659463,-382710
1763969129.8679552,-381814
1763969129.8812933,-383263
1763969129.8836064,-382084
1763969129.9074624,-382216
1763969129.9084496,-383562
1763969129.9114468,-382692
1763969129.9159656,-383945
1763969129.9196877,-383096
1763969129.9434655,-383235
1763969129.9454925,-383966
1763969129.9454925,-383023
1763969129.9514277,-383456
1763969129.989736,-382567
1763969129.9917433,-382656
1763969130.0116909,-384244
1763969130.0191169,-382747
1763969130.0200772,-382729
1763969130.0240831,-381936
1763969130.0266833,-381334
1763969130.046389,-379869
1763969130.0486703,-379086
1763969130.0724738,-379997
1763969130.073805,-381479
1763969130.0756202,-381596
1763969130.0785358,-383277
1763969130.079871,-384276
1763969130.0824158,-383183
1763969130.0834491,-384170
1763969130.091545,-384140
1763969130.0947208,-384299
1763969130.1224458,-383646
1763969130.1258512,-384200
1763969130.1268394,-386524
1763969130.1373909,-379698
1763969130.1384256,-368834
1763969130.1457238,-350454
1763969130.147281,-332445
1763969130.1627557,-338956
1763969130.167295,-369432
1763969130.169907,-386689
1763969130.1818326,-386171
1763969130.1860714,-385359
1763969130.207993,-384402
1763969130.2089908,-382201
1763969130.2125335,-381538
1763969130.215703,-381911
1763969130.2395566,-381551
1763969130.2412577,-381274
1763969130.2422774,-380313
1763969130.2540724,-379422
1763969130.2576883,-381018
1763969130.2614107,-379693
1763969130.271476,-380019
1763969130.2846591,-379158
1763969130.2881517,-377794
1763969130.2943919,-378607
